time_index,normal_p05,normal_p50,normal_p95,normal_reference_00,normal_reference_01,normal_reference_02,normal_reference_03,normal_reference_04,normal_reference_05,normal_reference_06,normal_reference_07,normal_reference_08,normal_reference_09,normal_reference_10,normal_reference_11,normal_reference_12,normal_reference_13,normal_reference_14,normal_reference_15,normal_reference_16,normal_reference_17,normal_reference_18,normal_reference_19
0,-2.1990995,-1.1902547,-0.94391835,-1.0715816,-0.98205316,-1.4591416,-1.0406691,-1.1423506,-1.25263,-1.3357959,-1.276969,-2.044192,-1.7810978,-1.0338637,-1.6539072,-1.0682074,-1.1180314,-1.184391,-1.8268944,-1.2011395,-1.3735331,-1.133887,-0.9444511
1,-2.1989868,-1.190208,-0.9436981,-1.0719088,-0.98192316,-1.4591126,-1.0406419,-1.1422755,-1.2524807,-1.3359584,-1.2768513,-2.0437157,-1.7810107,-1.0338823,-1.6538382,-1.0683553,-1.1180491,-1.1843001,-1.8267736,-1.2007806,-1.3735667,-1.1336993,-0.94467187
2,-2.1990178,-1.1904135,-0.9436351,-1.0717868,-0.9822325,-1.4593167,-1.0406002,-1.1422114,-1.252351,-1.3357297,-1.2770044,-2.0438633,-1.7811522,-1.0339729,-1.6540385,-1.0683872,-1.1181839,-1.1844442,-1.827009,-1.2011052,-1.3735976,-1.1340098,-0.94455296
3,-2.198674,-1.1901805,-0.9439048,-1.0717474,-0.9820979,-1.4591917,-1.0405601,-1.1423827,-1.2527337,-1.3359135,-1.2770487,-2.0438802,-1.7811528,-1.033676,-1.6538945,-1.068518,-1.1183836,-1.1844252,-1.8267975,-1.2008832,-1.3738209,-1.1337321,-0.9445797
4,-2.1989894,-1.1901157,-0.9436318,-1.0715446,-0.9819795,-1.4592443,-1.0407307,-1.1425014,-1.2526907,-1.3355727,-1.2766972,-2.0441723,-1.7810203,-1.0336654,-1.6537592,-1.0683045,-1.1183223,-1.1844214,-1.8269267,-1.2009922,-1.3737539,-1.1340196,-0.9446054
5,-2.198972,-1.1902717,-0.9436613,-1.0715901,-0.9820334,-1.4591427,-1.0406024,-1.1424241,-1.2523699,-1.3357744,-1.2770287,-2.0439622,-1.7812862,-1.0340208,-1.6541961,-1.0682098,-1.118234,-1.1844584,-1.8268225,-1.201112,-1.3738989,-1.1338205,-0.9445837
6,-2.199207,-1.1902308,-0.9438437,-1.0716254,-0.9822345,-1.4594702,-1.0406841,-1.1424025,-1.2526591,-1.3358474,-1.2768797,-2.0441244,-1.781253,-1.0339501,-1.6538645,-1.0682191,-1.1181104,-1.184358,-1.8268955,-1.2011799,-1.3735677,-1.1338212,-0.94439405
7,-2.1988592,-1.1903176,-0.943691,-1.0717206,-0.9823004,-1.4592127,-1.0403962,-1.1422534,-1.2525322,-1.3359247,-1.2767045,-2.0440674,-1.7812607,-1.03373,-1.6538723,-1.0682957,-1.1181617,-1.184321,-1.8267841,-1.2010938,-1.3735805,-1.1337949,-0.94468504
8,-2.1990006,-1.1900392,-0.94388753,-1.0716697,-0.98194945,-1.4593887,-1.0407583,-1.1425372,-1.2524408,-1.3356353,-1.2771199,-2.0441778,-1.7811368,-1.0338207,-1.6541,-1.0684206,-1.1180401,-1.1843348,-1.8266393,-1.2009414,-1.3738432,-1.1338491,-0.94463664
9,-2.1990037,-1.1902876,-0.94380224,-1.0715195,-0.98205286,-1.4591382,-1.0405564,-1.1422616,-1.2526752,-1.3359044,-1.2770082,-2.0440228,-1.7812957,-1.03384,-1.6540018,-1.0682465,-1.118027,-1.1845365,-1.8267169,-1.2008048,-1.3735121,-1.1336182,-0.9442922
10,-2.1987317,-1.190232,-0.94368464,-1.0717629,-0.98200154,-1.4592212,-1.0405673,-1.1424925,-1.2524953,-1.3355881,-1.2771091,-2.043907,-1.7809982,-1.0338207,-1.653878,-1.0685679,-1.1180909,-1.184362,-1.8266656,-1.2008075,-1.3736244,-1.1337882,-0.9445493
11,-2.1987803,-1.1902139,-0.94363606,-1.0715792,-0.9820304,-1.4595019,-1.0405337,-1.1422328,-1.2526977,-1.3359399,-1.2768414,-2.0438526,-1.7808838,-1.0337433,-1.6540214,-1.068353,-1.1181539,-1.1846948,-1.8269751,-1.2010088,-1.3738198,-1.1340107,-0.9443324
12,-2.1988885,-1.1903597,-0.9435788,-1.0715564,-0.98229426,-1.4591331,-1.0406117,-1.1425508,-1.2526853,-1.3358438,-1.2769125,-2.043987,-1.7810372,-1.033871,-1.6541266,-1.0684305,-1.1181108,-1.1844949,-1.8266394,-1.2011316,-1.3735595,-1.1339884,-0.9443292
13,-2.1991918,-1.1902885,-0.9437253,-1.0718278,-0.9820456,-1.4591178,-1.0407071,-1.1424366,-1.2523592,-1.3356684,-1.2770075,-2.0440397,-1.7811137,-1.0338944,-1.6537869,-1.068299,-1.1182759,-1.1845094,-1.8267105,-1.200904,-1.3737191,-1.1337266,-0.9443774
14,-2.199081,-1.1903179,-0.94383925,-1.0715702,-0.9822565,-1.4592474,-1.0407714,-1.1424809,-1.2524025,-1.3358077,-1.2768438,-2.0438356,-1.780944,-1.0337783,-1.6539887,-1.0682065,-1.118336,-1.184345,-1.8270134,-1.2009054,-1.3736645,-1.134002,-0.9446338
15,-2.198955,-1.1902299,-0.94370145,-1.0717845,-0.98193175,-1.4593008,-1.0407037,-1.1422378,-1.2526892,-1.3357055,-1.2767833,-2.043901,-1.7808297,-1.0337158,-1.6541226,-1.0683204,-1.118074,-1.184287,-1.8269438,-1.2010386,-1.3734992,-1.1336377,-0.9443129
16,-2.1987534,-1.1903374,-0.9437265,-1.0715672,-0.9821244,-1.4592988,-1.0407543,-1.1421579,-1.2527503,-1.3359247,-1.2767673,-2.044163,-1.7811096,-1.0338715,-1.6540046,-1.0682482,-1.1181573,-1.1844344,-1.8269796,-1.200783,-1.3736528,-1.133665,-0.9445925
17,-2.198739,-1.1902032,-0.94387734,-1.071837,-0.98204744,-1.4593146,-1.0407598,-1.1424929,-1.2527361,-1.3356447,-1.2768369,-2.044039,-1.7812848,-1.0339906,-1.6539601,-1.0683458,-1.1183233,-1.1845379,-1.8266846,-1.2010247,-1.3738842,-1.1337537,-0.94470596
18,-2.1988335,-1.1901766,-0.9437812,-1.0716372,-0.98226154,-1.4592805,-1.0404673,-1.1422062,-1.2526996,-1.3356699,-1.2768055,-2.0439084,-1.7808905,-1.0338264,-1.6541367,-1.0685568,-1.1182353,-1.1845236,-1.8270185,-1.2011594,-1.3738751,-1.1337156,-0.944306
19,-2.1986978,-1.1902235,-0.9438782,-1.0716074,-0.9822075,-1.4591593,-1.0404642,-1.1424626,-1.2527246,-1.3355672,-1.2767092,-2.0437186,-1.7809821,-1.0340157,-1.6540778,-1.0684172,-1.1183949,-1.1845281,-1.826968,-1.2008634,-1.3737525,-1.133959,-0.9445863
20,-2.1991277,-1.1902177,-0.9438499,-1.0718374,-0.9821238,-1.459486,-1.0405368,-1.1422014,-1.2527395,-1.3359504,-1.2771094,-2.0440683,-1.7811668,-1.0339543,-1.6541678,-1.0683022,-1.1182213,-1.1845968,-1.8269151,-1.200838,-1.3736335,-1.1340193,-0.9444966
21,-2.198842,-1.1901987,-0.94379824,-1.0716655,-0.9819523,-1.4595096,-1.0407605,-1.1422015,-1.2524464,-1.3358467,-1.2767012,-2.0439186,-1.7812859,-1.0337259,-1.6538655,-1.0681924,-1.1182244,-1.184422,-1.8270946,-1.2008357,-1.3738496,-1.1336905,-0.9445975
22,-2.198829,-1.1901612,-0.94393706,-1.0715795,-0.98202175,-1.4592844,-1.0405238,-1.1425624,-1.2525529,-1.3355447,-1.2767369,-2.043656,-1.7809286,-1.0338469,-1.6538517,-1.0682787,-1.1180005,-1.1843469,-1.8267857,-1.2011946,-1.3737538,-1.1340086,-0.94435054
23,-2.1988835,-1.1903566,-0.943638,-1.071701,-0.98222584,-1.459104,-1.040807,-1.1421931,-1.2523704,-1.3359016,-1.2768174,-2.043923,-1.7812732,-1.0337653,-1.65413,-1.0682414,-1.1180965,-1.1845593,-1.8270564,-1.2009537,-1.3736398,-1.1340244,-0.9444099
24,-2.1990185,-1.1902405,-0.94367135,-1.0718029,-0.98193926,-1.4595459,-1.0404682,-1.142522,-1.2526147,-1.3358753,-1.2770034,-2.0437357,-1.7809743,-1.0338283,-1.6537849,-1.0684212,-1.1183376,-1.1843214,-1.8266819,-1.2009945,-1.3738171,-1.1339604,-0.9443585
25,-2.1991627,-1.1903033,-0.943816,-1.071721,-0.98229116,-1.4594697,-1.0408005,-1.1423126,-1.2525581,-1.3359503,-1.2769449,-2.0440571,-1.7808911,-1.0339181,-1.6541177,-1.0685554,-1.1183568,-1.1845053,-1.8269958,-1.2007841,-1.3735563,-1.1337866,-0.94444036
26,-2.1988626,-1.1900315,-0.9435699,-1.0715821,-0.98222923,-1.4592284,-1.0404433,-1.1425008,-1.2525556,-1.335659,-1.2769231,-2.043939,-1.7809005,-1.033972,-1.6541113,-1.068375,-1.1180507,-1.1844283,-1.8269315,-1.2008632,-1.3737309,-1.1336561,-0.9443258
27,-2.1988404,-1.1901342,-0.9435629,-1.0716604,-0.9819012,-1.4592546,-1.0406487,-1.142219,-1.252583,-1.3357784,-1.2768432,-2.044118,-1.7812128,-1.03388,-1.6540242,-1.0682327,-1.1180999,-1.1846215,-1.827003,-1.200946,-1.3735608,-1.133912,-0.94469565
28,-2.199033,-1.1902266,-0.94364786,-1.0719141,-0.98205394,-1.4592835,-1.0405552,-1.1422075,-1.2524321,-1.3355547,-1.2768121,-2.0439062,-1.7812588,-1.0338451,-1.6538913,-1.0683993,-1.1183282,-1.184422,-1.8269459,-1.2010194,-1.3734819,-1.1338112,-0.9445401
29,-2.198847,-1.1903253,-0.94370365,-1.0716093,-0.9822778,-1.4594086,-1.0404427,-1.142442,-1.2524915,-1.3359421,-1.2769177,-2.0438497,-1.7809594,-1.0339783,-1.6537813,-1.068294,-1.118348,-1.1845,-1.8270518,-1.2011503,-1.3736027,-1.1336495,-0.9446204
30,-2.1988068,-1.1904242,-0.94391596,-1.0718293,-0.9821995,-1.4591517,-1.0407786,-1.1424226,-1.2525947,-1.3356001,-1.2770832,-2.0440266,-1.7808266,-1.0339004,-1.6539205,-1.0683002,-1.1183497,-1.1845787,-1.8268905,-1.2010434,-1.373813,-1.1339188,-0.9444351
31,-2.1990345,-1.1903598,-0.943645,-1.071907,-0.9820711,-1.459436,-1.0404298,-1.142334,-1.2526994,-1.3357521,-1.2767843,-2.043993,-1.7812682,-1.0336668,-1.6540804,-1.068432,-1.117999,-1.1847068,-1.8270695,-1.2009568,-1.3737586,-1.133782,-0.94452053
32,-2.1990242,-1.1902468,-0.9436182,-1.0716023,-0.98213357,-1.4594266,-1.0406444,-1.1425277,-1.2525384,-1.3355345,-1.2768914,-2.043771,-1.780936,-1.0338563,-1.6540759,-1.0681653,-1.1180953,-1.18466,-1.826938,-1.201088,-1.3736924,-1.13391,-0.9446383
33,-2.1987848,-1.1901374,-0.9437881,-1.0716045,-0.9822253,-1.4594518,-1.0406961,-1.1423978,-1.2526349,-1.3357929,-1.2770494,-2.0439873,-1.7810502,-1.0337682,-1.654217,-1.0683173,-1.1180615,-1.1844505,-1.8268377,-1.2007743,-1.3737454,-1.1338615,-0.94456613
34,-2.198952,-1.19032,-0.94369495,-1.0716594,-0.9818798,-1.4592634,-1.0407704,-1.1422564,-1.2527797,-1.335969,-1.2767282,-2.043864,-1.7809609,-1.0339613,-1.6538891,-1.0684845,-1.1183435,-1.184581,-1.8265927,-1.2010949,-1.3738577,-1.1338968,-0.94430375
35,-2.198983,-1.1900598,-0.94382733,-1.0715361,-0.9821067,-1.459147,-1.0405494,-1.1424229,-1.2525865,-1.3356777,-1.2769088,-2.0440342,-1.7810047,-1.0339227,-1.6538279,-1.068479,-1.1181616,-1.1845461,-1.8269877,-1.200833,-1.3737797,-1.133755,-0.9444942
36,-2.1989017,-1.190141,-0.94359106,-1.0717566,-0.98226213,-1.4591262,-1.0407602,-1.1423942,-1.2524289,-1.3355782,-1.2769411,-2.0437086,-1.7812659,-1.0338352,-1.6541426,-1.0684662,-1.1183074,-1.1846071,-1.826657,-1.2011926,-1.3738742,-1.1338567,-0.9443455
37,-2.19894,-1.190215,-0.9437623,-1.0717926,-0.9820765,-1.4594637,-1.0406857,-1.1425369,-1.2527416,-1.3355614,-1.277089,-2.043812,-1.7812066,-1.0338182,-1.6541182,-1.068304,-1.1180955,-1.1845266,-1.826927,-1.2008747,-1.3738014,-1.1337942,-0.9443923
38,-2.1987388,-1.1901655,-0.94377047,-1.0717263,-0.9821064,-1.4594643,-1.0407101,-1.142397,-1.252379,-1.3356317,-1.2769185,-2.0440702,-1.7811508,-1.0336491,-1.6541827,-1.0684569,-1.1181777,-1.1845943,-1.8269457,-1.2009667,-1.3736312,-1.1339643,-0.9444878
39,-2.1987765,-1.190413,-0.94360006,-1.0716608,-0.9821555,-1.4594846,-1.0403985,-1.1424488,-1.252696,-1.3356657,-1.2771107,-2.0440073,-1.7811915,-1.0338918,-1.6539088,-1.0681665,-1.1182342,-1.1845249,-1.8266282,-1.2008884,-1.3736918,-1.1339328,-0.94461846
40,-2.198911,-1.1902648,-0.94376856,-1.0717616,-0.9820584,-1.4592963,-1.0404563,-1.1423727,-1.2525976,-1.335655,-1.2769347,-2.0440803,-1.781114,-1.0338693,-1.653977,-1.068358,-1.1180068,-1.1843652,-1.8268328,-1.2011851,-1.3736078,-1.13387,-0.9445712
41,-2.198949,-1.1903484,-0.9439331,-1.0718381,-0.9819252,-1.4594343,-1.0404817,-1.1423331,-1.2527064,-1.335752,-1.276975,-2.0438554,-1.7810163,-1.0339283,-1.6538508,-1.0682577,-1.118286,-1.1842974,-1.8268496,-1.2010134,-1.3737825,-1.1340196,-0.94449216
42,-2.1991243,-1.1902897,-0.9436838,-1.0715368,-0.98204106,-1.4591016,-1.0404161,-1.1422048,-1.25272,-1.3359367,-1.2770534,-2.0441885,-1.7812833,-1.0338564,-1.6538537,-1.0683081,-1.1181515,-1.184527,-1.8270642,-1.2011691,-1.3739016,-1.1337608,-0.9444642
43,-2.1986644,-1.190337,-0.94383264,-1.0715911,-0.9821238,-1.459407,-1.0406417,-1.1424655,-1.252567,-1.3358952,-1.2770025,-2.0440993,-1.781238,-1.0340363,-1.6541244,-1.0685034,-1.11824,-1.184463,-1.8268608,-1.2008997,-1.3736563,-1.1337312,-0.9443415
44,-2.1987991,-1.1901445,-0.9437169,-1.071726,-0.98219633,-1.4592832,-1.0407985,-1.1424447,-1.2524364,-1.3359282,-1.277127,-2.043993,-1.7809162,-1.0337672,-1.654189,-1.0683367,-1.118184,-1.184343,-1.8267884,-1.2010807,-1.3736265,-1.133708,-0.94456667
45,-2.1992157,-1.190234,-0.9436963,-1.0717224,-0.98208886,-1.4591194,-1.040646,-1.142251,-1.2527547,-1.3357524,-1.2769217,-2.0436883,-1.7812871,-1.0339701,-1.6541642,-1.068554,-1.1181462,-1.1845626,-1.8269525,-1.2009618,-1.3738945,-1.1337214,-0.9444661
46,-2.1991465,-1.1903884,-0.94366735,-1.0715121,-0.98207235,-1.4595084,-1.0404148,-1.1425074,-1.2527328,-1.3356113,-1.2768188,-2.043786,-1.7811714,-1.0337203,-1.6537976,-1.0683631,-1.1179773,-1.1844523,-1.8270911,-1.2008789,-1.3738396,-1.1339,-0.94468373
47,-2.1991842,-1.1901243,-0.9436244,-1.0715911,-0.98216707,-1.4594225,-1.0404828,-1.1425399,-1.2527796,-1.3356594,-1.276784,-2.043924,-1.7808735,-1.0337533,-1.6538508,-1.0683523,-1.1181047,-1.1843477,-1.8268456,-1.2009228,-1.3736767,-1.1337603,-0.9446104
48,-2.1989405,-1.1902125,-0.94362414,-1.0718099,-0.9819059,-1.4593678,-1.0404482,-1.14225,-1.2525066,-1.3356049,-1.2767267,-2.044016,-1.7811091,-1.0340368,-1.654162,-1.0684538,-1.1180365,-1.1844538,-1.8269169,-1.2010561,-1.3737974,-1.133846,-0.9445385
49,-2.1988676,-1.1901965,-0.943856,-1.0715173,-0.98199403,-1.4591447,-1.0405025,-1.1421603,-1.2526197,-1.3356359,-1.2769147,-2.043937,-1.7810094,-1.0339319,-1.6539806,-1.0682847,-1.1180418,-1.1844914,-1.8267661,-1.201187,-1.3737743,-1.133622,-0.9445112
50,1.0586555,1.2724388,1.4832399,1.3387554,1.4762939,1.1426647,1.4078894,1.3623974,1.2929991,1.3071532,1.2398179,1.0324837,1.0415859,1.3689963,1.1173311,1.3203027,1.2648796,1.2490788,1.0556548,1.2434068,1.1908745,1.2855998,1.4665647
51,1.0515174,1.2655108,1.4818928,1.3389165,1.4763823,1.188399,1.3659931,1.2773392,1.2930295,1.2632852,1.196501,1.0324987,1.0912875,1.3689831,1.1172978,1.3206902,1.307389,1.2489116,1.0554163,1.243483,1.1467594,1.2855566,1.4666834
52,1.0765305,1.2823801,1.5177552,1.3810045,1.4764123,1.1885421,1.4079674,1.2771676,1.2927192,1.2632594,1.1965626,1.0866528,1.1407528,1.3689935,1.1169884,1.3205875,1.3924208,1.2916988,1.1564388,1.2435317,1.146581,1.3279395,1.5089501
53,1.1114309,1.3105283,1.5406086,1.3809704,1.5188234,1.1882653,1.4081643,1.3621742,1.2930017,1.307235,1.2400645,1.0865273,1.1404756,1.4531657,1.1169366,1.3622416,1.392757,1.3343753,1.156493,1.329485,1.279446,1.3279715,1.5089134
54,1.1236287,1.3320568,1.547247,1.3809639,1.5188864,1.2795757,1.4504372,1.3624151,1.2929457,1.3073633,1.2833695,1.086672,1.1404895,1.4534141,1.1651403,1.4042038,1.3927408,1.3773266,1.1568049,1.3293262,1.2791806,1.3280464,1.5087607
55,1.1237001,1.3317232,1.5492579,1.4233783,1.5189501,1.2340815,1.4504305,1.3620929,1.2927222,1.2634393,1.283263,1.1406026,1.1406235,1.4533001,1.1651585,1.4042186,1.3499643,1.3344783,1.2072428,1.3723617,1.2795702,1.3277787,1.5088907
56,1.0943152,1.3187068,1.5439662,1.4235234,1.4765255,1.2342607,1.4078904,1.4047943,1.2928572,1.2634815,1.283364,1.0323673,1.1407022,1.4534837,1.1169472,1.4041919,1.3498753,1.3342239,1.1567724,1.3293748,1.2792964,1.3279202,1.5088297
57,1.0586088,1.2876432,1.5151999,1.3811177,1.4762231,1.2342614,1.3658261,1.362224,1.2488683,1.1753973,1.1964256,1.0323997,1.1407506,1.3691627,1.0695735,1.4043218,1.3501983,1.2491513,1.1565351,1.3294805,1.2794325,1.3277956,1.509041
58,1.0006244,1.2233717,1.4521427,1.3811429,1.4764899,1.0971682,1.3234767,1.2774873,1.2490525,1.1750175,1.1967626,0.9782343,1.0418096,1.2846467,1.0215445,1.4042746,1.2223564,1.163822,1.1059808,1.286263,1.2353469,1.2855346,1.5089165
59,0.9249642,1.1732194,1.3919623,1.2120135,1.3491315,1.0969887,1.3237863,1.2772613,1.1610633,1.0429977,1.1099287,0.8165003,0.942488,1.2845489,0.97405756,1.2368279,1.2223161,1.1638178,1.0556225,1.200822,1.1465911,1.2853049,1.4665912
60,0.88255,1.1263866,1.3599541,1.211757,1.349157,1.005845,1.3236711,1.1923852,1.1172549,1.0429999,1.0662827,0.7627959,0.94264805,1.2002512,0.92585516,1.1946063,1.1799343,1.163643,1.0556561,1.2008783,1.0581338,1.1580637,1.3395021
61,0.84692353,1.101986,1.332415,1.1695293,1.3491979,0.96017545,1.2394161,1.192625,1.117293,1.0432774,1.0229943,0.7628054,0.8433782,1.200524,0.8782535,1.1949149,1.1797578,1.1209275,0.9039907,1.1148578,1.0582289,1.158157,1.3396174
62,0.79911864,1.0740578,1.2980417,1.1696248,1.264458,0.96026486,1.2393779,1.1499237,1.0734617,0.9988092,1.0228958,0.7084624,0.79395604,1.2002807,0.83067614,1.1946054,1.1370904,1.1208153,0.9544678,1.1148589,1.0139138,1.1155467,1.339565
63,0.771217,1.058279,1.2610335,1.1695595,1.2221379,0.96038395,1.1547505,1.1076816,1.0731664,0.99922323,0.97946835,0.7084763,0.79404753,1.2003531,0.8307021,1.1530138,1.1371965,1.1208332,0.8534438,1.1149964,0.9700313,1.1158558,1.2974201
64,0.75117517,1.0342431,1.2485105,1.169501,1.2218908,0.96025145,1.1548051,1.0652149,0.9854442,0.99917114,0.9362775,0.7087438,0.79410154,1.1583219,0.83038706,1.1527469,1.1371826,1.0780855,0.8531591,1.02898,0.881587,1.0732625,1.2550032
65,0.72701204,1.0172114,1.2307816,1.1273751,1.2221924,0.8687137,1.1548611,1.0651516,0.9857843,0.95481,0.9360216,0.70862716,0.7443176,1.1579984,0.7826531,1.152668,1.1372468,1.0353961,0.80293626,1.0292435,0.88125026,1.0730557,1.2128205
66,0.70025563,1.0031457,1.2142688,1.1271666,1.1796464,0.86906517,1.1124163,1.0648627,1.0293633,0.9550572,0.9364411,0.708538,0.74465585,1.1160944,0.73486406,1.0692192,1.0523528,0.99296504,0.80267173,1.0292532,0.881284,1.0731272,1.2126912
67,0.6725039,0.9917468,1.2031778,1.0850809,1.179767,0.86891603,1.112379,1.0650811,0.9418573,0.91071266,0.9360268,0.6545589,0.7442385,1.1162167,0.73505694,1.0688257,1.0523243,0.9928717,0.75238913,0.9862461,0.92553806,1.0731163,1.1704894
68,0.6653898,0.97910285,1.1904641,1.0426888,1.1372012,0.8687598,1.1125734,1.0228215,0.9416023,0.9107542,0.9364245,0.65456253,0.69499433,1.1582445,0.7829203,1.0692135,1.051989,0.9929321,0.75199896,0.9862094,0.8373713,1.0308766,1.1705036
69,0.6427206,0.9680264,1.1711022,1.0005615,1.137198,0.86882347,1.0703415,1.0224317,0.9415907,0.8667338,0.93613476,0.6008988,0.69501597,1.1160415,0.7347723,1.0688452,1.0521944,0.94998,0.7520292,0.9432176,0.8372091,1.0309148,1.128349
70,0.61635375,0.9528797,1.1604388,1.0425618,1.13726,0.82300395,1.070164,0.98005104,0.9417187,0.86664045,0.8493957,0.54688275,0.6455889,1.0738236,0.6869939,1.0691766,0.9670093,0.95011514,0.7520131,0.9434339,0.836993,0.988191,1.128152
71,0.6029064,0.94491416,1.1476701,1.0429691,1.1373533,0.8230541,1.1124678,0.98000264,0.89804107,0.82290834,0.8929895,0.5466765,0.64518744,1.0739253,0.6872919,1.0691679,1.0097022,0.9503084,0.75191706,0.9434429,0.8374067,0.98845714,1.0858064
72,0.58449477,0.93334544,1.1437507,1.0426145,1.1374316,0.7775934,1.070298,0.98022944,0.8977472,0.82283705,0.8926707,0.54669315,0.5959023,1.0740972,0.68732595,1.0692188,0.9668818,0.950272,0.7017971,0.94347423,0.7931519,0.9884222,1.0859076
73,0.5728285,0.9231007,1.1232089,1.0006388,1.0950887,0.77769905,1.0702349,0.9802779,0.8980062,0.8229221,0.8494099,0.54647565,0.64519835,1.0737706,0.6873226,1.0272204,0.96698296,0.9073947,0.65084445,0.9002851,0.79309493,0.98835534,1.0857426
74,0.5725352,0.9185239,1.1208966,0.9582582,1.094948,0.7775587,1.0705463,0.98022354,0.8978915,0.82260734,0.84954005,0.5465631,0.64537454,1.0738899,0.6871074,1.027158,0.9670521,0.90748227,0.65086615,0.9004004,0.7929399,0.98836535,1.086055
75,0.5631866,0.9085231,1.1186053,0.95827895,1.0947385,0.777704,1.0702327,0.97996503,0.89767987,0.82264274,0.849319,0.54666466,0.5960473,1.0739623,0.6869867,1.0272539,0.96724397,0.9072817,0.65095514,0.9006663,0.79309607,0.98811257,1.0857403
76,0.5547252,0.90290403,1.1177921,0.95839405,1.0947919,0.7775502,1.028009,0.9802742,0.8539447,0.82280123,0.8060318,0.5466718,0.5960704,1.0316429,0.6395421,0.9852409,0.9671037,0.90765077,0.6508103,0.9005201,0.7930546,0.98812175,1.043684
77,0.5433164,0.8992108,1.1036472,0.9581832,1.0950971,0.77748084,1.0279701,0.980171,0.8540925,0.82289594,0.80614865,0.54654187,0.596088,1.0315366,0.6872558,0.9852863,0.9670783,0.90731525,0.6002111,0.900426,0.7488035,0.9459136,1.043613
78,0.5355034,0.8912537,1.0987647,0.9581584,1.0526934,0.7776784,1.0280734,0.9378478,0.89769125,0.7786824,0.80604863,0.5468703,0.59613764,0.989499,0.6872647,0.9433512,0.96692234,0.9075409,0.6507696,0.90032995,0.7930947,0.946001,1.0859843
79,0.53661937,0.8866435,1.0987421,0.9583332,1.0523659,0.77762383,1.0282276,0.93787616,0.89794624,0.77881444,0.8058454,0.5465601,0.5960224,0.98944587,0.6870856,0.9432677,0.96685225,0.9076438,0.6509699,0.85747755,0.74869657,0.9460107,1.0857342
80,0.53100854,0.883569,1.0798885,0.9581288,1.0523992,0.73181885,0.98569804,0.9375312,0.8540843,0.77867043,0.8061978,0.49259502,0.5959163,0.9895628,0.68704945,0.9852538,0.9669525,0.90740305,0.6512299,0.85751015,0.7485674,0.903294,1.0857605
81,0.53218806,0.87903154,1.082898,0.9581657,1.0523981,0.7776738,0.98588145,0.9377836,0.85374796,0.778658,0.8061395,0.4928799,0.59609514,0.9894665,0.63945,0.98534286,0.9668649,0.907565,0.65105915,0.8577262,0.7931611,0.90345526,1.0856873
82,0.53031284,0.8737359,1.078476,0.9582777,1.0524259,0.7317045,0.9858784,0.9377194,0.8540609,0.77858335,0.80590916,0.5468429,0.59593654,0.98967284,0.6393706,0.9431519,0.96709746,0.90761596,0.6509985,0.90030676,0.7927829,0.9034214,1.0434664
83,0.52768844,0.8717952,1.0795971,0.9583353,1.0526961,0.7319194,0.98608804,0.93783027,0.85383976,0.7786694,0.80601037,0.54676676,0.59569836,0.9896096,0.68701845,0.9431187,0.9243526,0.86495835,0.65093166,0.85749775,0.7487001,0.9032977,1.0436294
84,0.525398,0.867883,1.0829062,0.95827866,1.0526882,0.73196113,0.98591876,0.8953225,0.85415834,0.7785873,0.8495389,0.5467927,0.5959515,0.98975503,0.6869528,0.94343513,0.92469436,0.8647021,0.6006206,0.85762125,0.7485467,0.9033939,1.0858814
85,0.5250508,0.86700594,1.0797313,0.91605324,1.0526584,0.73176235,0.98599946,0.8951092,0.810027,0.77890134,0.80607885,0.54675573,0.59584147,0.98943484,0.63925815,0.9434835,0.9246414,0.86469257,0.65101266,0.85763925,0.7489496,0.9036304,1.085701
86,0.5256599,0.86747754,1.082877,0.9157399,1.0099734,0.73190945,0.9857221,0.89538336,0.8102416,0.7785716,0.84954584,0.54689485,0.6451744,0.98948,0.6873429,0.9434211,0.9245678,0.8649845,0.6003983,0.8575393,0.74868643,0.90332466,1.085908
87,0.5310349,0.86538047,1.0829482,0.9159967,1.052473,0.7319865,0.98588735,0.8952943,0.85406214,0.77857554,0.8495332,0.5468462,0.59571254,0.9894628,0.68706095,0.94314486,0.92449874,0.8649318,0.6004178,0.8576572,0.74862444,0.90333366,1.0857741
88,0.53208256,0.8613023,1.0765669,0.9580205,1.0102215,0.7320419,0.98584366,0.8954075,0.85411626,0.8226586,0.8492466,0.5468446,0.595967,0.98976266,0.6871528,0.9433901,0.9245366,0.8646306,0.60025436,0.85768354,0.74883634,0.90339476,1.0860119
89,0.52766055,0.8617831,1.0686325,0.9583727,1.0101547,0.73204476,0.985813,0.89533603,0.8537777,0.82268286,0.8059672,0.5467399,0.5960656,0.9896829,0.6873426,0.94310635,0.9244263,0.86483026,0.54977906,0.8147956,0.74872375,0.9034708,1.0860529
90,0.53103465,0.8601451,1.0719448,0.95824337,1.0100938,0.73202276,0.9859716,0.8529626,0.80985993,0.7787205,0.8494049,0.5466597,0.5958977,0.9896593,0.68696064,0.94338125,0.9245835,0.8649108,0.60056454,0.8575531,0.7486445,0.903269,1.0858917
91,0.5312887,0.86007035,1.0765355,0.9581752,1.0101058,0.7320774,0.9860509,0.8526479,0.8100188,0.77865314,0.8493745,0.54673636,0.6452779,0.9894158,0.68715775,0.94332236,0.92461383,0.8646556,0.6006605,0.8147207,0.7485827,0.90354276,1.086078
92,0.5352719,0.86025023,1.064437,0.9579995,1.0100834,0.7319748,0.9438767,0.8951096,0.8099242,0.7347262,0.8061907,0.5464388,0.6455905,0.9894939,0.68691653,0.9433125,0.9245425,0.86494756,0.6003637,0.81476736,0.74876094,0.9035995,1.043406
93,0.5277152,0.860078,1.0628589,0.91578317,1.0102962,0.7317303,0.94378144,0.89523536,0.80995405,0.734813,0.80588126,0.54663306,0.6453437,0.9475375,0.73473984,0.94342136,0.9244074,0.86488855,0.5500638,0.8577972,0.74858046,0.903464,1.043676
94,0.525314,0.8575979,1.0572512,0.9160833,1.0103054,0.73189056,0.9435137,0.8954735,0.8101662,0.77878714,0.80617356,0.4926901,0.5961055,0.9472897,0.68701255,0.94348055,0.9245939,0.86477345,0.60048586,0.85760045,0.74872553,0.90347093,1.0433809
95,0.52921665,0.8552867,1.0542018,0.9158751,1.0100318,0.7320455,0.9437483,0.89535433,0.810233,0.77873,0.8493337,0.5468757,0.59608847,0.94733566,0.68714756,0.9434617,0.88200027,0.86470294,0.6006568,0.814796,0.74880564,0.86093926,1.0433877
96,0.5254801,0.85497403,1.0531796,0.91588527,1.0101328,0.732086,0.9434799,0.85261995,0.8100648,0.77868426,0.8060019,0.4928303,0.5958856,0.9894369,0.6871725,0.94343245,0.8818513,0.86492705,0.54989415,0.8577941,0.74897236,0.8608989,1.0437033
97,0.5309455,0.8549479,1.0536928,0.91598874,1.010031,0.73213977,0.9016701,0.8529554,0.8099988,0.778912,0.80625343,0.5466846,0.59581465,0.9896212,0.68735725,0.94335705,0.88208324,0.8649385,0.549811,0.85753185,0.7489386,0.90354925,1.0858579
98,0.53108597,0.8501579,1.0538602,0.9159181,0.9675225,0.732075,0.94354504,0.895075,0.809858,0.7785311,0.8058462,0.5465092,0.5961146,0.94733006,0.68711287,0.94333726,0.881885,0.8223058,0.6006101,0.85770833,0.7931786,0.8608966,1.001361
99,0.52744263,0.851963,1.044054,0.9160071,1.010065,0.7776775,0.9014931,0.895317,0.8100808,0.77854294,0.80618995,0.54644954,0.59601337,0.9472799,0.6870595,0.9434003,0.9243904,0.82227504,0.65105605,0.8148982,0.7927733,0.8608985,1.0437545
100,0.5278506,0.85002875,1.0443085,0.9158938,1.0100567,0.7321196,0.94385195,0.8528016,0.80989385,0.7786961,0.80619365,0.54678386,0.6455223,0.989495,0.6869414,0.9432146,0.881745,0.8222884,0.6001897,0.814774,0.7930465,0.86093754,1.0436634
101,0.5320813,0.84740925,1.0367268,0.9159464,0.9675577,0.7321472,0.94349897,0.8528465,0.81025064,0.778572,0.80607826,0.4929275,0.596014,0.9475663,0.6871674,0.9433767,0.88188094,0.821912,0.6004346,0.8575448,0.748553,0.8610576,1.0434842
102,0.5310751,0.8448902,1.0371379,0.915958,0.9678789,0.6861026,0.94366854,0.8952308,0.81019545,0.7789066,0.80623955,0.4929718,0.64556617,0.94735837,0.63917774,0.94313717,0.8817595,0.82192385,0.5498666,0.8573973,0.74887586,0.9034559,1.0435354
103,0.53084004,0.8419331,1.0364106,0.8737866,0.9677857,0.6862272,0.9437524,0.8526576,0.8102714,0.73464507,0.80623335,0.5465428,0.5959537,0.94760424,0.6873819,0.94316655,0.8819412,0.8221726,0.5497358,0.8146827,0.74881375,0.8610265,1.0435548
104,0.5320325,0.8422112,1.0331144,0.8734227,0.96788,0.7320452,0.9438778,0.8529806,0.81014776,0.778684,0.80590653,0.5464711,0.64539737,0.9472317,0.6393193,0.9015334,0.8820998,0.8221543,0.600248,0.81480557,0.74873435,0.8608887,1.0014246
105,0.5309449,0.8421987,1.0356611,0.9157977,0.9677127,0.73171973,0.90132284,0.8950977,0.8101631,0.7788051,0.8058518,0.5468941,0.64533234,0.9473108,0.68720883,0.9014368,0.88197875,0.8220869,0.6003294,0.81485957,0.74875814,0.86116356,1.001407
106,0.52917206,0.83882475,1.0313185,0.9157421,0.96758133,0.73210126,0.90159196,0.81050855,0.8101503,0.73489606,0.8061152,0.5465102,0.6454916,0.98941475,0.68717974,0.94344985,0.8817597,0.86465746,0.60029566,0.81470656,0.7044297,0.8607848,1.0014486
107,0.52870923,0.8357022,1.0355859,0.91570425,0.96785885,0.7320722,0.9014019,0.810223,0.76637423,0.7346838,0.80618167,0.54668134,0.5958339,0.9473856,0.6391544,0.9433793,0.88189536,0.7792074,0.549981,0.8147038,0.7488854,0.8610267,1.0437527
108,0.5242156,0.8345597,1.0263746,0.91596365,0.96779776,0.7321033,0.9013372,0.8526783,0.7662301,0.7785425,0.80621016,0.54659027,0.59576327,0.94735175,0.6394021,0.9014452,0.83935934,0.77947617,0.6004735,0.8577402,0.70441,0.8611627,1.0010856
109,0.5243342,0.8341664,1.0224491,0.9157345,0.96769655,0.7318846,0.90159416,0.85265934,0.7660321,0.7347,0.8496226,0.5467305,0.5956657,0.9475824,0.68698394,0.9012455,0.839537,0.8222691,0.60066104,0.814694,0.70470124,0.8609144,1.0013415
110,0.5243071,0.8296004,1.0225211,0.9159516,0.9676568,0.7318701,0.90147096,0.85262036,0.8099243,0.73463327,0.805989,0.54655546,0.5961005,0.94729316,0.6869703,0.90156484,0.88191,0.8221593,0.6005534,0.81453633,0.70464796,0.8608215,1.0011461
111,0.5230931,0.8282306,1.0208654,0.91572404,0.96784467,0.7317116,0.90134525,0.81055963,0.8101155,0.73486775,0.8059903,0.49254575,0.59610957,0.9473731,0.6869848,0.9012006,0.88188326,0.8220431,0.60030913,0.8144909,0.7485884,0.8608515,1.0010914
112,0.5237209,0.8260777,1.023871,0.9157308,0.9678655,0.7318946,0.9014502,0.8102954,0.7659964,0.7348688,0.8059027,0.54655385,0.59603786,0.90536255,0.68694687,0.9014854,0.83921903,0.82218176,0.60052013,0.81486034,0.74897003,0.861059,1.0012834
113,0.51241815,0.8249679,1.0200511,0.9159304,0.9679229,0.7317592,0.90157336,0.81045526,0.7663129,0.7345545,0.80593264,0.54655355,0.5956522,0.9053136,0.6870132,0.9015274,0.8391986,0.8220061,0.6003908,0.814711,0.7046126,0.8611516,1.0435708
114,0.52294326,0.82506144,1.0199597,0.9159751,0.967802,0.7320887,0.9014193,0.85301805,0.81015056,0.734718,0.80596113,0.5466044,0.59609723,0.9054044,0.68723255,0.90153164,0.83918315,0.82192874,0.5496208,0.8145012,0.74873066,0.8609258,1.0435641
115,0.52272135,0.8234275,1.0146059,0.91597736,0.9678393,0.7320768,0.94388413,0.8529686,0.81024235,0.73473305,0.8062449,0.54687095,0.5958445,0.9473078,0.6392409,0.9015359,0.8393662,0.8222589,0.55005276,0.8148835,0.7046729,0.8609179,1.0014468
116,0.5181906,0.82206595,1.0126951,0.91605836,0.9678591,0.73212516,0.94360495,0.8527594,0.8098852,0.73477167,0.8060712,0.546685,0.5956566,0.9897072,0.63941294,0.9012155,0.8821031,0.8219365,0.54988503,0.81483364,0.70437497,0.8611379,1.0437021
117,0.5181143,0.81873477,1.0117239,0.9160561,0.92551214,0.731974,0.9016397,0.8526797,0.80993617,0.7348855,0.8059658,0.5467385,0.59606737,0.94735885,0.6870936,0.90129143,0.8821067,0.82194966,0.5499392,0.8147501,0.7047463,0.8608788,1.043659
118,0.5122286,0.8182714,1.0114207,0.91579074,0.92530894,0.7319637,0.9015956,0.81022274,0.8102518,0.7348354,0.8059054,0.5468378,0.5958605,0.94738185,0.6395127,0.90139407,0.8820112,0.8221043,0.6006615,0.81475127,0.7046736,0.86103827,1.001168
119,0.51074064,0.81704915,1.0041741,0.9160705,0.9253629,0.6863204,0.94347924,0.8102363,0.81017685,0.73487794,0.8062439,0.5465241,0.59566396,0.947393,0.63948315,0.9012249,0.88188386,0.82213485,0.60051304,0.81470925,0.7044882,0.8609531,1.0013525
120,0.5064508,0.81527704,1.010681,0.9157356,0.92522573,0.68638206,0.943731,0.8528145,0.7663036,0.7346856,0.7625677,0.54657143,0.59580433,0.94756097,0.63922787,0.8593054,0.88175917,0.7792046,0.5500849,0.8146764,0.70450383,0.8185569,1.0012527
121,0.5054774,0.81336915,1.010815,0.8737704,0.92539245,0.6861724,0.9013497,0.8526975,0.76632476,0.73475116,0.8060232,0.49285236,0.5959788,0.9474657,0.639561,0.85968107,0.83931154,0.77956617,0.5499955,0.7717963,0.74859697,0.8185972,1.0014262
122,0.5043118,0.81235325,1.011581,0.87349606,0.92542905,0.68614703,0.901624,0.8102807,0.766376,0.7344799,0.762602,0.5469306,0.5960525,0.947528,0.6395036,0.8592964,0.7968078,0.8221027,0.6005194,0.77161765,0.7045535,0.8183425,1.0011178
123,0.5068501,0.81212884,1.0042591,0.9157675,0.96788234,0.686415,0.85908383,0.81052876,0.7663357,0.73472315,0.7627178,0.54675,0.5960271,0.90542245,0.63916135,0.8593391,0.7967844,0.82212603,0.54976565,0.77188176,0.7044025,0.86095685,1.001315
124,0.5116183,0.8117411,1.0108263,0.9158118,0.96780974,0.686353,0.85943377,0.8102499,0.8102122,0.7346698,0.7628155,0.546846,0.5959591,0.9053743,0.63918,0.8593149,0.83949,0.77945554,0.54990435,0.81465787,0.7046048,0.8609997,0.95877534
125,0.5011526,0.8097979,1.0104587,0.91596437,0.9251989,0.68640196,0.8593241,0.8103,0.8100116,0.6905583,0.76275533,0.54680115,0.59588486,0.9052447,0.63957244,0.85943615,0.881828,0.8220948,0.5498684,0.8146299,0.7045424,0.81851417,1.0011508
126,0.5011479,0.80622804,1.0019629,0.91609174,0.92532754,0.68640363,0.901524,0.81029606,0.80987513,0.7348504,0.80619526,0.54677844,0.5958638,0.90531677,0.59159297,0.859652,0.8395146,0.779401,0.54996794,0.81471515,0.7489354,0.8184457,1.0011826
127,0.49608085,0.80614686,0.988995,0.87353516,0.92533857,0.68607485,0.9015482,0.8105141,0.7660808,0.73455465,0.7624597,0.49281716,0.59574336,0.90517324,0.63919574,0.8593971,0.83951837,0.82198536,0.5501049,0.81471604,0.70469433,0.81868106,0.95910627
128,0.49211517,0.80577445,0.993048,0.87347335,0.92517173,0.6861331,0.9016783,0.85263973,0.76610935,0.7345029,0.7626467,0.5466635,0.5463828,0.90537363,0.6391665,0.8595034,0.88188034,0.8219045,0.54983765,0.81490475,0.70451057,0.86090636,0.95916283
129,0.49571222,0.8040439,0.99598885,0.9160426,0.925511,0.6861283,0.9013882,0.8526748,0.76631117,0.73484725,0.7627679,0.5468989,0.5461858,0.9054608,0.5915513,0.9015943,0.88204634,0.8220307,0.60056883,0.8145847,0.7047302,0.8611801,1.0012934
130,0.4906061,0.802123,0.98937553,0.91608435,0.96753126,0.68641466,0.9014765,0.81056744,0.7662784,0.73486614,0.76249915,0.54652214,0.5462633,0.9053035,0.5914354,0.9011859,0.839261,0.821926,0.5499075,0.81470364,0.70473516,0.81841505,1.0011047
131,0.4893615,0.8023876,0.98819226,0.9159193,0.9677354,0.68628144,0.9012938,0.8105508,0.76602465,0.7346572,0.7624491,0.5467732,0.5957059,0.9053945,0.6393466,0.9015641,0.83941483,0.8221732,0.5497025,0.81462896,0.7046032,0.81836087,1.0013882
132,0.489187,0.8034179,0.9947184,0.8736992,0.96772516,0.68644625,0.9435037,0.810553,0.8099162,0.69046515,0.7628285,0.54689956,0.59602416,0.9053986,0.6393497,0.90144986,0.8817674,0.77942973,0.5500321,0.7719356,0.7046742,0.8187391,1.0012054
133,0.49052188,0.80012906,0.98803365,0.8737472,0.9677728,0.68624353,0.90166473,0.76797765,0.7663119,0.73477507,0.7625835,0.49276134,0.5959769,0.90539366,0.6394105,0.90159714,0.88190955,0.8222163,0.5496234,0.7717447,0.70469284,0.8186889,0.9588916
134,0.49035734,0.7954826,0.99588805,0.873754,0.9675627,0.6405713,0.9016729,0.7678298,0.72220343,0.73472774,0.76247156,0.49266174,0.5956525,0.905358,0.6393913,0.9015882,0.8818564,0.8219299,0.54993707,0.77191305,0.70448047,0.81875736,1.0011455
135,0.4905897,0.7960658,0.988062,0.8737584,0.9676822,0.686064,0.9015983,0.8102792,0.7223546,0.73491126,0.76285183,0.49276167,0.59607023,0.90512955,0.59179294,0.9015027,0.83953065,0.82208,0.54969275,0.7720274,0.7046001,0.8185174,0.9589683
136,0.4856374,0.7977481,0.9879857,0.8735379,0.9253093,0.6862658,0.9013841,0.8103163,0.7220821,0.7347169,0.76280236,0.49257848,0.5956721,0.90537596,0.63937443,0.901547,0.83920395,0.8223038,0.54971194,0.8146835,0.7047247,0.8186633,0.959135
137,0.48647892,0.7956825,0.9893267,0.8736589,0.9254735,0.6864089,0.9015183,0.76771533,0.76596665,0.6905084,0.7627528,0.5464667,0.59603286,0.90539235,0.59146863,0.8593233,0.8395157,0.7795715,0.5499677,0.8145093,0.7045995,0.81865966,1.0014021
138,0.48671845,0.7961841,0.98781425,0.8737615,0.9251891,0.6864548,0.90129507,0.8104072,0.7662919,0.7345938,0.7626637,0.49251923,0.59574807,0.9051897,0.5917545,0.85943115,0.83922803,0.77943325,0.55003875,0.7717934,0.70469147,0.81854004,1.0012171
139,0.48585352,0.79375136,0.9865133,0.8735117,0.92522085,0.6862065,0.90150887,0.8105094,0.7662206,0.73465365,0.7628133,0.49263236,0.59574795,0.9053499,0.5917558,0.90156174,0.8392141,0.7794979,0.49909943,0.77199525,0.7044369,0.81835026,1.001204
140,0.48432612,0.7935429,0.986548,0.8737022,0.88312685,0.68619514,0.9013997,0.8102844,0.7659649,0.7346466,0.76283383,0.4928214,0.59601,0.9051038,0.6394318,0.9013267,0.8391915,0.77943164,0.49910477,0.77187604,0.704641,0.8185688,1.0012327
141,0.4842823,0.7941152,0.98795086,0.8734672,0.92527837,0.6405927,0.9012983,0.810573,0.76632494,0.7348327,0.7628024,0.49287963,0.5462992,0.9051924,0.6395668,0.9013818,0.8395357,0.7794136,0.5496903,0.7719422,0.7047625,0.81838804,0.9589174
142,0.47855768,0.7932687,0.98020947,0.8734749,0.9255267,0.64072067,0.90141183,0.81042546,0.7663494,0.73453444,0.76271063,0.5467673,0.54616576,0.9054191,0.5915406,0.85942715,0.8392413,0.8220649,0.5499547,0.7719018,0.6605337,0.81847745,0.9588968
143,0.47821,0.7898598,0.97838277,0.8734054,0.9254531,0.6862765,0.9015214,0.7677298,0.7663543,0.7345985,0.7628128,0.54657674,0.546251,0.9053276,0.639537,0.85934126,0.83941257,0.822022,0.55003446,0.77197343,0.6603987,0.81854594,0.95878106
144,0.47655845,0.7872257,0.9809628,0.87344056,0.92524135,0.6860585,0.90166724,0.81036663,0.76598054,0.73469204,0.7627401,0.5465555,0.5463049,0.90513116,0.6395532,0.8595328,0.83917886,0.7794651,0.49949935,0.77194715,0.7044699,0.8186267,1.0011089
145,0.47874638,0.7863103,0.96826196,0.87354887,0.9252931,0.6861553,0.9015019,0.810528,0.76604587,0.7345714,0.76254493,0.49255577,0.5960249,0.90542746,0.59173137,0.8176848,0.83942276,0.8218893,0.5499156,0.77193016,0.7044458,0.818631,0.9588055
146,0.47543606,0.78528404,0.96919113,0.87366366,0.9252793,0.68649006,0.9014313,0.81034875,0.7660144,0.7345973,0.76244944,0.49279016,0.5464172,0.9051608,0.5914786,0.8593097,0.83942413,0.8220698,0.5499676,0.81485057,0.704616,0.818541,0.9590093
147,0.46934,0.7854934,0.96812683,0.8734716,0.9253053,0.686204,0.9014275,0.8103343,0.76609695,0.6906408,0.7191861,0.49246985,0.5462998,0.9051382,0.59153634,0.8596233,0.8391866,0.77936083,0.49951738,0.8149087,0.70451593,0.81854725,1.0012962
148,0.47339302,0.78344333,0.96403307,0.87356836,0.92544335,0.6405795,0.9014607,0.8103031,0.7663501,0.6905754,0.7628356,0.49277973,0.546129,0.90522987,0.5917103,0.85944885,0.83928967,0.77956134,0.5496174,0.81454194,0.70468247,0.8184354,1.0011761
149,0.46970212,0.77849084,0.95572066,0.873496,0.92553985,0.64080185,0.9013009,0.8105643,0.7661284,0.6905964,0.76273346,0.49262422,0.5462269,0.90543824,0.639577,0.8593073,0.8394845,0.7795581,0.5498755,0.7287465,0.7047076,0.8183834,0.9167612
150,0.47344327,0.77850926,0.96361923,0.8736122,0.9252448,0.6405183,0.90147436,0.8104235,0.72241694,0.69081956,0.7193762,0.49274063,0.546168,0.9051379,0.5916337,0.85958546,0.79676366,0.77955383,0.550054,0.7718355,0.66050386,0.818346,0.9165579
151,0.46810603,0.77842534,0.9588115,0.8737965,0.92540693,0.64067686,0.90162736,0.8101709,0.7660942,0.69045,0.7191698,0.49291876,0.54629123,0.9053154,0.5914058,0.8174723,0.8392707,0.77922106,0.49923152,0.77189124,0.7045669,0.77623254,0.95877534
152,0.46838522,0.778859,0.95605844,0.8312108,0.92514277,0.64043784,0.90146345,0.8104416,0.76602536,0.69045824,0.7626296,0.49270567,0.5463706,0.9053439,0.5914485,0.90149575,0.83942705,0.8220204,0.49947575,0.7717347,0.70475495,0.8184081,0.95890653
153,0.468174,0.77766174,0.9560626,0.8314628,0.9253228,0.6407963,0.9014704,0.81043476,0.7661127,0.6905679,0.71928906,0.49276465,0.54621416,0.9051309,0.59166837,0.8174926,0.8394929,0.7795378,0.5499164,0.7717809,0.7046543,0.8186833,0.9587833
154,0.45949897,0.7763352,0.9590976,0.8312973,0.9251373,0.6860716,0.9015546,0.81046265,0.7221722,0.69069785,0.71938556,0.49265853,0.54631233,0.9054712,0.59152097,0.81768274,0.83930165,0.77946573,0.5496732,0.7716159,0.7044378,0.8183879,0.959066
155,0.4550028,0.77593446,0.95605814,0.8314993,0.925143,0.64048207,0.85905224,0.8102911,0.72221583,0.6907947,0.71941304,0.4928743,0.5462826,0.9052044,0.5914063,0.85957706,0.83931553,0.77935654,0.49922487,0.7719218,0.70456755,0.81858844,0.9589408
156,0.45484284,0.7756845,0.95337963,0.83134437,0.92544836,0.6408239,0.8590579,0.8102995,0.76600975,0.6907982,0.71911865,0.43878883,0.5463991,0.9053516,0.5917529,0.85962045,0.8392141,0.7793386,0.49919865,0.77183217,0.660484,0.81840646,0.9167665
157,0.45006874,0.77481085,0.94981635,0.8734312,0.9253723,0.6406159,0.90134215,0.81051767,0.76623106,0.6465718,0.719142,0.49295962,0.5464583,0.86294603,0.5917475,0.8595892,0.8395537,0.7794618,0.49909264,0.7717379,0.6603136,0.81850517,0.9166445
158,0.4419121,0.77449465,0.94803977,0.8738141,0.92519426,0.64060855,0.90161157,0.8105707,0.72234863,0.6906965,0.7193452,0.49278995,0.54617,0.8630751,0.591417,0.859327,0.83949506,0.77921206,0.499532,0.7719973,0.66040105,0.77629143,0.9589332
159,0.43989563,0.77301913,0.9481383,0.8314399,0.9254772,0.6406453,0.90146047,0.8104136,0.7221858,0.690795,0.7628323,0.49272645,0.54649895,0.86326325,0.5917408,0.85968107,0.83934796,0.7796032,0.54994524,0.7717795,0.704406,0.81837,0.95913506
160,0.4379798,0.7725627,0.94791883,0.8734134,0.9252112,0.64078504,0.85946053,0.81031835,0.766337,0.6907573,0.7626611,0.43897492,0.5463345,0.863313,0.543892,0.8592908,0.8392699,0.7793641,0.49928245,0.7719029,0.7046914,0.8183385,0.9587783
161,0.43793327,0.76813865,0.9450484,0.8736708,0.88310415,0.6860506,0.85919183,0.7680726,0.76603913,0.69055206,0.7192114,0.49248394,0.49697027,0.86308956,0.59153306,0.85952836,0.8394734,0.7793136,0.49920163,0.7717598,0.7043794,0.8186219,0.95887643
162,0.4305758,0.7680791,0.9381291,0.87343735,0.882786,0.6862104,0.8591356,0.76795334,0.7224523,0.69084984,0.719401,0.4388943,0.54641026,0.9051487,0.59165484,0.8594577,0.8392234,0.77957493,0.49930066,0.7719235,0.7044038,0.8185424,0.91646016
163,0.43070677,0.76748073,0.93662786,0.8735202,0.8831339,0.64045787,0.8593534,0.8104859,0.7663578,0.69050395,0.7194685,0.43877104,0.5464222,0.90521324,0.54393834,0.8596695,0.83924115,0.77952313,0.49905193,0.7716446,0.66029,0.818582,0.91658187
164,0.42996964,0.7662372,0.9419493,0.8311878,0.8827745,0.6404018,0.8172205,0.81047916,0.76610166,0.69074583,0.71912694,0.4928023,0.546247,0.9053734,0.5437816,0.8595436,0.8395778,0.77930367,0.4992888,0.72907895,0.704762,0.81836355,0.91678005
165,0.4252331,0.7639594,0.932844,0.873778,0.8831105,0.64063084,0.8169064,0.81024617,0.7663271,0.6906729,0.7194622,0.43900365,0.5465232,0.90528417,0.591735,0.8593029,0.79685205,0.7795727,0.5497426,0.7717501,0.66048396,0.81849927,0.91665053
166,0.42060164,0.76075435,0.9266475,0.87369365,0.8830042,0.6405905,0.81713164,0.7679123,0.7222196,0.6907984,0.7193115,0.43862313,0.5461843,0.905104,0.54400116,0.85949,0.7966716,0.77935845,0.4995374,0.7719123,0.6604212,0.7759838,0.91664416
167,0.418873,0.76092356,0.9215266,0.8314266,0.8831022,0.64063275,0.90167964,0.8105632,0.7223221,0.6467008,0.7190984,0.4385471,0.5461761,0.9052963,0.5436165,0.8596262,0.7967369,0.8220962,0.49945176,0.77177685,0.6604628,0.7759383,0.9165087
168,0.41847992,0.7598559,0.921507,0.83135444,0.8828104,0.6403939,0.9013988,0.76799256,0.7224251,0.64664245,0.71918607,0.43873367,0.546174,0.8632866,0.5437826,0.85941994,0.7967754,0.779398,0.49928874,0.7289092,0.66041416,0.77603364,0.91658396
169,0.41586545,0.7580688,0.914096,0.8313661,0.8827592,0.64050657,0.8592262,0.7681194,0.76615894,0.6467218,0.71909916,0.4924798,0.5464957,0.86306465,0.5913764,0.8174235,0.8391822,0.7793641,0.4993302,0.72876096,0.66052645,0.7762117,0.9167422
170,0.41232613,0.75561047,0.92530394,0.8314278,0.88292813,0.6407027,0.90146047,0.7678632,0.7661337,0.6907177,0.719358,0.49259543,0.5461865,0.8631779,0.54379314,0.81738037,0.7966501,0.7794258,0.4991974,0.7290691,0.6603565,0.77592516,0.9164706
171,0.41088375,0.75568783,0.91351986,0.83110523,0.9251673,0.64073765,0.9013117,0.76795155,0.72224295,0.6905735,0.71930724,0.49293146,0.49691686,0.86313534,0.5914252,0.81747466,0.7967392,0.7792726,0.4995082,0.72911423,0.66035885,0.8185766,0.9168291
172,0.40634277,0.7557043,0.91004574,0.8312875,0.9252495,0.64070636,0.9014071,0.76770884,0.72220635,0.64648557,0.7190624,0.43876737,0.49674535,0.86295545,0.5915421,0.8595845,0.8393254,0.7795467,0.49953932,0.7288808,0.6602118,0.775975,0.91657406
173,0.39745617,0.7532143,0.9052761,0.8311107,0.8829443,0.6404835,0.85914433,0.767773,0.72239554,0.6467275,0.71927017,0.43901467,0.5464404,0.8633315,0.54368407,0.85959035,0.83956075,0.77937484,0.49931845,0.7716231,0.6604709,0.8185959,0.91653526
174,0.39839593,0.7509257,0.90173805,0.83148915,0.8829386,0.6408127,0.8592047,0.8104816,0.72219247,0.6908281,0.7190495,0.43869576,0.4969095,0.8629798,0.5437364,0.8595932,0.83937335,0.7792682,0.49911353,0.77161324,0.6603615,0.8184675,0.9166784
175,0.39646584,0.74900794,0.90157664,0.8314597,0.8827944,0.6408447,0.8591986,0.81057525,0.72233987,0.6908108,0.6759407,0.43896782,0.49665582,0.8629217,0.49597642,0.81756437,0.79681647,0.77938586,0.49939355,0.77200145,0.6603181,0.81841034,0.91679645
176,0.39478993,0.7467363,0.9021182,0.8312284,0.8830415,0.64072704,0.8592184,0.76783943,0.7224897,0.69074166,0.71908134,0.43864387,0.49679977,0.86331785,0.5437902,0.859402,0.8394684,0.77941763,0.49937952,0.7719429,0.6605227,0.8183922,0.9168384
177,0.39295846,0.74589205,0.90042466,0.831475,0.88298196,0.64079064,0.859177,0.7678358,0.722264,0.64638275,0.71937233,0.43872163,0.4966126,0.8629306,0.5438145,0.81751144,0.83949167,0.7792808,0.49913657,0.77179515,0.66016686,0.77610874,0.91653484
178,0.38932547,0.7444043,0.9003532,0.83129805,0.88305,0.6405441,0.85911655,0.81056535,0.7222906,0.69057286,0.6759977,0.43889034,0.49693653,0.8631337,0.5439246,0.81773126,0.79679704,0.7793179,0.49915335,0.7716143,0.66035086,0.81835216,0.91670316
179,0.39315858,0.74315524,0.8966834,0.83133304,0.88276523,0.59497136,0.85935694,0.81017786,0.7224974,0.6906432,0.71928716,0.43868324,0.49672827,0.8630944,0.54402405,0.8174029,0.7969679,0.77951026,0.44851035,0.7287412,0.6601479,0.8183887,0.9168724
180,0.38535583,0.7417213,0.8996525,0.83137184,0.9254016,0.594896,0.8593151,0.76779693,0.72226715,0.690754,0.7191177,0.43885404,0.49664313,0.9054467,0.5436946,0.817555,0.7967841,0.77921295,0.4488867,0.7289821,0.66054547,0.8187173,0.9165756
181,0.3852543,0.74148923,0.8956091,0.8312604,0.88301903,0.5951922,0.8593945,0.76804537,0.7223609,0.6906953,0.67596465,0.43893087,0.49671173,0.86295164,0.5437093,0.81752,0.7969754,0.7792663,0.44857743,0.7288599,0.6162459,0.8186837,0.91675866
182,0.3780531,0.737497,0.8930686,0.8314558,0.8827626,0.640628,0.8592422,0.7680538,0.7224201,0.6465905,0.67598087,0.4385598,0.49691445,0.8629761,0.5436974,0.8177525,0.8394863,0.7792148,0.4488205,0.7287786,0.6602275,0.8184815,0.91670877
183,0.376786,0.73503673,0.8927015,0.8313266,0.88277626,0.640681,0.8592092,0.76805776,0.72238296,0.64672863,0.67587745,0.43882436,0.4967921,0.86326176,0.5437063,0.81763387,0.7966509,0.7793566,0.44862095,0.72903866,0.6159305,0.77601445,0.91673064
184,0.3688792,0.7311996,0.8848057,0.831403,0.84047806,0.5948049,0.85939175,0.7677936,0.72213644,0.6467119,0.6759728,0.43884948,0.49693504,0.86325663,0.54380685,0.81765276,0.79696643,0.7792678,0.4993704,0.72909117,0.66022164,0.77609444,0.9167252
185,0.36606464,0.7310604,0.88314396,0.8312632,0.8831013,0.59490347,0.8593798,0.7252732,0.7221035,0.69073725,0.67605937,0.43893453,0.4969997,0.8629298,0.5438397,0.8176403,0.79695386,0.736767,0.4487622,0.7290526,0.6605053,0.7763096,0.9167785
186,0.3610126,0.7302484,0.8825773,0.83119565,0.8831186,0.6407435,0.85924566,0.7681242,0.7224937,0.6908379,0.67588586,0.4386108,0.49678454,0.863016,0.54388446,0.8177393,0.7968551,0.7795212,0.44848675,0.7287224,0.66033995,0.77592987,0.91672635
187,0.36064515,0.727754,0.8763128,0.7889428,0.8830609,0.640624,0.85917634,0.76795214,0.72218513,0.69061303,0.6760537,0.438867,0.4969993,0.86312276,0.49589682,0.81746584,0.79696083,0.7366762,0.44887036,0.72913,0.6604413,0.77592343,0.91648316
188,0.3531358,0.72752583,0.86824024,0.7890932,0.8830992,0.5947981,0.85910106,0.7679455,0.7224939,0.6465364,0.7191464,0.43882003,0.49670863,0.86300856,0.54363775,0.81755215,0.7967809,0.7365085,0.44858137,0.7291123,0.615963,0.81835765,0.91685677
189,0.33579573,0.72324693,0.8687365,0.78913766,0.8828224,0.5947974,0.85905635,0.76807594,0.7224048,0.6464925,0.7191202,0.4389174,0.4968201,0.8629689,0.5438691,0.81772727,0.79700005,0.77943707,0.4489217,0.72888505,0.66053414,0.77616155,0.9167439
190,0.3215374,0.72338843,0.866297,0.789005,0.8831036,0.59478575,0.8591647,0.76770675,0.7223408,0.6465258,0.6756505,0.43870872,0.49701694,0.8630376,0.5436957,0.8177251,0.79670656,0.7793467,0.44864732,0.72878104,0.66035974,0.8187346,0.9165716
191,0.31417724,0.7222018,0.8630249,0.7891592,0.88300216,0.59487545,0.81690663,0.81057495,0.67852104,0.64642423,0.6757654,0.43861574,0.49692902,0.8629784,0.4959841,0.81750745,0.7970388,0.77924234,0.44880688,0.72876054,0.6160505,0.81870246,0.91685796
192,0.07262585,0.719506,0.859174,0.8314742,0.8831553,0.5949147,0.8168779,0.8103223,0.678368,0.6466046,0.67606914,0.38463238,0.49671787,0.86302334,0.49621597,0.81770015,0.7967871,0.7795681,0.44855365,0.7291372,0.61612236,0.776192,0.91669303
193,-0.57732594,0.71749747,0.8608083,0.8313054,0.883089,0.5948069,0.8171927,0.7678369,0.722436,0.64680165,0.7190546,0.43892115,0.49699026,0.86329114,0.5436125,0.81753546,0.7968278,0.7793817,0.44888481,0.728915,0.61598206,0.7763008,-0.94469076
194,-0.66411763,0.71554106,0.8590548,0.78898036,0.8827519,0.5948178,0.85941887,0.7680732,0.72217745,0.64679265,0.67567223,0.43863654,0.4970785,0.8631161,0.49599677,0.8175976,0.7968929,0.7369096,0.44858834,0.7290064,0.61611074,0.7759679,-0.9444763
195,-0.75712305,0.71043473,0.8508812,0.7891222,0.7982681,0.59500045,0.85910624,0.76799506,0.6785515,0.64642984,0.6759945,0.4384952,0.44714713,0.9054802,0.49606672,0.8177355,0.7968726,0.73658514,0.49923453,0.7289858,0.6161232,0.7762294,-0.9444154
196,-0.76042837,0.7078384,0.8407401,0.7891099,0.7979886,0.5951852,0.8171636,0.76780295,0.67854327,0.6464857,0.6758631,0.43865207,0.49668822,0.8632192,0.49612388,0.8175471,0.7969422,0.73665357,0.44871688,0.7287885,0.61590827,0.7759305,-0.94437385
197,-0.78028136,0.7041823,0.8421281,0.78884304,0.79821885,0.5947434,0.816988,0.76807433,0.6785192,0.6467992,0.6760072,0.38490382,0.44712746,0.86316764,0.54401475,0.8177629,0.796889,0.7367707,0.44848415,0.7289198,0.61606765,0.7338538,-0.9445782
198,-0.7931007,0.6996659,0.8396856,0.7892059,0.79832953,0.59515154,0.85923684,0.7677748,0.7224124,0.6906352,0.6758261,0.38453656,0.4472316,0.863319,0.5438033,0.7757241,0.7966756,0.7794969,0.44890124,0.72908604,0.6159337,0.77610934,-0.944646
199,-0.86503947,0.69754183,0.83819175,0.7888163,-0.98228943,0.595167,0.8594082,0.7678093,0.7223006,0.6906564,0.67572504,0.43876758,0.49675342,0.86330163,0.4962297,0.77554303,0.7967987,0.73669034,0.44873607,0.7287946,0.6163104,0.7761633,-0.9446421
200,-0.87781006,0.6920654,0.83304393,0.78915995,-0.9822154,0.59490836,0.85934335,0.7679113,0.7223883,0.6464718,0.67567426,0.3847232,0.44736716,0.86295646,0.49597678,0.77552897,0.7966382,0.7365607,0.44879025,0.72904754,0.61599994,0.7759636,-0.94447553
201,-0.88931924,0.69126385,0.8265904,0.7889414,-0.98191184,0.595028,0.8592601,0.76798606,0.7221535,0.6465057,0.6760551,0.38455567,0.44721636,0.86325264,0.4961893,0.77571124,0.7967885,0.73656934,0.44893244,0.7289556,0.6161522,0.7761148,-0.9443641
202,-0.89590603,0.68775535,0.8249255,0.7889515,-0.9822286,0.59510046,0.6904764,0.7681303,0.7224993,0.6466147,0.67599326,0.38494536,0.49696854,0.3152206,0.49607754,0.81757414,0.796843,0.7366668,0.4485645,0.7288168,0.6602716,0.7338398,-0.94433784
203,-0.91741854,0.68238187,0.8192322,0.7890841,-0.9821824,0.5951126,0.6904635,0.76806587,0.6783734,0.64658016,0.6325769,0.38488558,0.4967757,0.31491512,0.54361963,0.8176529,0.7968073,0.7792357,0.44871625,0.6858415,0.66012263,0.7762506,-0.94455004
204,-0.9291491,0.6760917,0.8160482,0.78906155,-0.98196054,0.5949714,0.6903202,0.7679831,0.7221853,0.64656186,0.67566663,0.43890384,0.44736204,0.31498608,0.49605224,0.817772,0.79677695,0.73685014,0.44887576,0.7291092,0.61611265,0.7760746,-0.9443717
205,-0.95011646,0.6721687,0.8118336,0.7889545,-0.9821833,0.59485406,0.69019765,0.768054,0.7222645,0.6466312,0.6760674,0.38490117,0.44752315,0.314903,0.49590302,0.8174832,0.7542193,0.7365477,0.4487025,0.72892296,0.6163255,0.7762229,-0.94429815
206,-0.96400535,0.66468394,0.80678666,0.7889834,-0.9822403,0.59513706,0.6904066,0.76810694,0.72218305,0.60262996,0.6324747,0.43887436,0.4475699,0.31499255,0.49599788,0.8175786,0.7542054,0.73690367,0.44893676,0.7288342,0.6159429,0.7759461,-0.9442993
207,-0.9759717,0.65900224,0.8038566,0.788894,-0.9819633,0.5493853,-1.0408127,0.76792955,0.6783694,0.60257685,0.67576927,0.43887982,0.44729748,-1.0337116,0.49606842,0.81745124,0.7544299,0.7368175,0.44851813,0.7290595,0.61615497,0.7762403,-0.944613
208,-0.988866,0.6507578,0.80268276,0.70426387,-0.982301,0.5947902,-1.0405385,0.76812315,0.67854756,0.64668995,0.67569673,0.438499,0.44745976,-1.0338326,0.54385453,0.8176117,0.7544657,0.7368539,0.448875,0.6859639,0.61633086,0.77621645,-0.9446972
209,-1.0086969,0.64136076,0.79588616,0.70462734,-0.9822404,0.54939437,-1.040705,0.76778716,0.6784824,0.6027383,0.63263893,0.43865174,0.44728816,-1.033767,0.49605507,0.8174331,0.79675514,0.6938938,0.4488551,0.7288097,0.616138,0.7336635,-0.9446318
210,-1.022392,0.625705,0.7909084,0.7046001,-0.98215455,0.5492714,-1.0404282,0.76795655,0.67862517,0.6464567,0.63259786,0.38502052,0.4471005,-1.0337776,0.49608117,0.8177086,0.7966452,0.69412696,0.4485402,0.6861578,0.61601025,0.77591276,-0.94448745
211,-1.0301136,0.61223894,0.7863859,0.7044968,-0.98204803,0.5494984,-1.040601,0.7677922,0.6782101,0.6466763,0.6757096,0.4387402,0.4471223,-1.0337087,0.4960003,-0.90089935,0.7970341,0.6938492,0.44881222,0.6859567,0.6161554,0.77616113,-0.9445467
212,-1.0408293,0.6066661,0.780844,-1.0716892,-0.9819349,0.5950935,-1.0405093,0.76799226,0.67831737,0.6464597,0.6760686,0.3846614,0.44744924,-1.0336876,0.4959084,-0.90068036,0.7968932,0.73659676,0.44879425,0.68615323,0.61595404,0.7335134,-0.9444232
213,-1.0502288,0.5948527,0.7672143,-1.071666,-0.98222935,0.5951151,-1.0405291,0.76787055,0.678522,0.64673555,0.6322847,0.43851548,0.44726452,-1.0337883,0.49611196,-1.068479,0.79700714,0.7368999,0.4485839,0.6860259,0.6161907,0.73366034,-0.9443762
214,-1.0648474,0.5747088,0.7575705,-1.0715744,-0.98202264,0.595012,-1.0407608,0.76795053,0.6784703,0.64655286,0.67581266,0.43901467,0.4967263,-1.0336664,0.496026,-0.90065604,0.11583604,0.7366037,0.44888434,0.6861193,0.61604613,0.7760214,-0.94428575
215,-1.0759748,0.56042784,0.7515923,-1.0717201,-0.98201156,0.59517324,-1.0404176,0.72534263,0.67829835,0.64671636,0.6758715,0.38487497,0.49709976,-1.0336306,0.49595088,-1.0684232,0.11574832,0.694107,0.44877297,0.68609333,0.6162553,0.77597314,-0.9446166
216,-1.0835431,0.54145014,0.7427276,-1.0715333,-0.9822942,0.5950609,-1.0405519,0.7253758,0.678449,0.6467342,0.63264453,0.43880582,0.44736415,-1.0338943,0.49626544,-1.0682681,0.11586128,0.6941626,0.44856477,0.6859925,0.6162273,0.7761637,-0.94465226
217,-1.0904202,0.51790017,0.73607355,-1.0718741,-0.9819329,0.594866,-1.0407434,0.72545797,0.6782572,0.6467328,0.67588955,0.43853164,0.44709605,-1.033631,0.49613693,-1.068354,0.11608597,0.69417006,0.3983472,0.6858574,0.5717886,0.7761914,-0.9445514
218,-1.0995793,0.49858177,0.7318436,-1.0718808,-0.9819933,0.5492055,-1.0405865,0.7678258,0.6785879,0.6464808,0.632273,0.4387755,0.4472897,-1.0339998,0.4958032,-1.0683883,0.11614535,0.7365405,0.4488625,0.6860827,0.57196206,0.7759622,-0.94459325
219,-1.1093764,0.48227495,0.72528285,-1.0718337,-0.98198247,0.5494802,-1.040734,0.7679864,0.6783834,0.60232,0.6322824,0.43871257,0.4970812,-1.0337952,0.4958231,-1.0683602,-1.1181562,0.69388914,0.44871536,0.6861228,0.5720572,-0.62463206,-0.94432145
220,-1.1161625,0.45387533,0.7200515,-1.0718668,-0.9821424,0.54938304,-1.0404264,-0.08113022,0.6785856,0.60263693,0.63228506,0.38478437,0.49706835,-1.0337372,0.49619606,-1.0683453,-1.1180532,0.69386035,0.44866845,0.6861142,0.5717353,-0.62453926,-0.9446949
221,-1.1213156,0.42306638,0.7102089,-1.0715278,-0.98196685,0.5491842,-1.0407276,-0.08106908,0.6784918,0.60270345,0.63258284,0.3845348,0.49693176,-1.0339228,0.49598923,-1.0682762,-1.1182269,0.69404227,0.39796126,0.68601114,0.6159395,-0.6245131,-0.9445404
222,-1.1239363,0.38559958,0.69948626,-1.0717915,-0.9821013,0.5493513,-1.0405868,-1.1423012,0.6783095,0.60274214,0.67571884,0.38466808,0.49686512,-1.0338595,0.49623063,-1.0684822,-1.1180574,0.3951262,0.44881046,0.6861918,0.61631984,-1.1337123,-0.9446812
223,-1.1350918,0.36194205,0.692751,-1.0718,-0.9822408,0.59495807,-1.0404592,-1.1422169,0.67833185,0.60247266,0.67568696,0.3848715,0.4475205,-1.033646,0.49619266,-1.0685211,-1.1183481,0.3950975,0.44892135,0.7288651,0.61594015,-1.133953,-0.94432735
224,-1.1442966,0.3368021,0.688558,-1.0717697,-0.98210454,0.59478766,-1.040479,-1.1424137,0.6783438,0.602426,0.67601734,0.38456234,0.44711742,-1.033865,0.49608278,-1.0684546,-1.1181939,0.39507562,0.39827117,0.5144886,0.61610746,-1.1339707,-0.9446373
225,-1.1521575,0.30723226,0.68093234,-1.0715415,-0.98203534,0.54942113,-1.0407763,-1.1424494,0.6782551,0.60261786,0.67603993,0.38491517,0.39771262,-1.0337574,0.4961204,-1.0685545,-1.1181581,0.39507523,0.39802057,0.5145701,0.6161441,-1.1339128,-0.9444971
226,-1.154258,0.18616278,0.6727777,-1.0717767,-0.9823032,0.54913884,-1.0408059,-1.1423666,0.6784025,0.60232306,0.6758088,0.38498226,0.44754946,-1.0338537,0.49616244,-1.0682172,-1.1183822,0.39528906,0.3982063,0.5145748,0.6159649,-1.1337374,-0.94430095
227,-1.1632373,-0.28918087,0.6660209,-1.071698,-0.9822416,0.5491199,-1.0407848,-1.1423542,0.67854035,0.60264385,0.6760236,0.43859938,0.44751891,-1.0339903,0.49607378,-1.0684143,-1.1180638,-1.184496,0.39827952,0.5143177,0.61593455,-1.1336204,-0.9445217
228,-1.172823,-0.76823354,0.65781146,-1.0717424,-0.9822784,0.54921246,-1.0406101,-1.1423421,0.678327,0.6467617,0.6325518,0.43870583,0.4475361,-1.0339606,0.49602064,-1.0684915,-1.118182,-1.1844102,0.39793375,0.5144101,0.61612076,-1.1337665,-0.9443398
229,-1.177978,-0.84127176,0.6520923,-1.071521,-0.9821136,0.5493303,-1.0406063,-1.1423371,0.67843753,0.6465068,0.6325425,0.43890637,0.44711113,-1.0337176,0.49591994,-1.068363,-1.1182307,-1.1846122,0.39812526,-1.2007825,0.5718984,-1.1336823,-0.94466907
230,-1.1859673,-0.91435754,0.64153403,-1.0718749,-0.98192656,0.5494548,-1.0405604,-1.1423588,-0.06763823,0.6468051,0.6324179,0.43877146,0.447382,-1.0337813,0.4484695,-1.068228,-1.1183754,-1.1846796,0.39823955,-1.2010705,0.57187,-1.1339184,-0.94448966
231,-1.1914951,-0.9505819,0.63565195,-1.0715339,-0.9821585,0.5491405,-1.0407435,-1.1423869,-0.067746006,0.6026968,0.67577034,0.38497317,0.44719815,-1.033805,0.49622804,-1.0682046,-1.1180478,-1.1846364,0.3980992,-1.2009377,0.57175916,-1.1336625,-0.94455373
232,-1.1993015,-0.9755789,0.62163526,-1.0717238,-0.9820586,0.5492787,-1.0407901,-1.1425029,-0.06751571,0.6026411,0.67584103,0.3847211,0.39779198,-1.0339077,0.4484111,-1.0684267,-1.1181626,-1.1843592,0.3980223,-1.2008018,0.57168436,-1.133969,-0.94443446
233,-1.2055639,-0.9897958,0.6156461,-1.0717734,-0.982201,0.54933685,-1.0404942,-1.1423643,-0.06750759,0.6023398,0.67594105,0.38500312,0.39778903,-1.0338694,0.4961775,-1.0683086,-1.1183383,-1.1844778,0.398288,-1.2008985,0.5719467,-1.13374,-0.9446
234,-1.2102299,-1.007833,0.61067593,-1.0717553,-0.98225594,0.54931146,-1.0408086,-1.1422873,-0.06759484,0.60233104,0.63251096,0.43856344,0.3978505,-1.0338333,0.44844478,-1.0683621,-1.1180263,-1.1845886,0.398213,-1.2008826,0.5717314,-1.1338385,-0.944379
235,-1.220628,-1.0279974,0.60462886,-1.0716103,-0.9822673,0.5494072,-1.0408114,-1.142351,-0.0677823,0.5586669,0.024899127,0.3846,0.4473927,-1.0338736,0.44828716,-1.0685291,-1.1181922,-1.1844785,0.3474559,-1.2011106,0.57203156,-1.1340132,-0.94443345
236,-1.2329788,-1.0388428,0.59810865,-1.0716225,-0.982143,0.549286,-1.040415,-1.1424022,-1.252766,0.5582983,0.024843138,0.38502607,0.3980211,-1.0337837,0.49583107,-1.068207,-1.1180218,-1.1844224,0.34768438,-1.2007893,0.5719332,-1.1337755,-0.94455016
237,-1.2364067,-1.045084,0.59338826,-1.0718769,-0.9822417,0.549415,-1.0404816,-1.1424993,-1.252639,0.646507,0.025055055,0.3847301,0.39793682,-1.033971,0.44830084,-1.068224,-1.1182127,-1.1844649,0.39829087,-1.200867,0.5718955,-1.1337792,-0.944463
238,-1.2476449,-1.0517702,0.5821696,-1.0715555,-0.98214763,0.54926765,-1.040571,-1.1422904,-1.2527744,0.6464596,-1.2767055,0.38500255,0.39764217,-1.0337244,0.49591675,-1.0683248,-1.1183913,-1.1843953,0.39814556,-1.2009178,0.57209605,-1.1338146,-0.9443609
239,-1.2508054,-1.0573587,0.5787152,-1.0715553,-0.98229235,0.5492736,-1.0406508,-1.1421592,-1.2526556,0.60232806,-1.2768899,0.4387627,0.44740093,-1.0339993,0.44839528,-1.0683913,-1.1180153,-1.1846367,0.39833352,-1.2009305,0.5717503,-1.1336609,-0.94432825
240,-1.252975,-1.0628042,0.571756,-1.0717255,-0.98198366,0.54952,-1.040561,-1.1424731,-1.2526504,0.6025745,-1.2768899,0.38478988,0.447227,-1.0339994,0.44838914,-1.0684625,-1.1180816,-1.1846251,0.39834198,-1.2010777,0.57169056,-1.1338224,-0.9444508
241,-1.2604825,-1.0691196,0.565572,-1.0715309,-0.98195976,0.5493161,-1.0407739,-1.1422783,-1.2526731,0.6026143,-1.2769974,0.33087316,0.44711167,-1.0338644,0.44809833,-1.0682764,-1.118375,-1.184461,0.39825708,-1.2010761,0.57185304,-1.1339889,-0.9444458
242,-1.2663997,-1.0716467,0.56336886,-1.0718908,-0.9821157,0.54935485,-1.0404131,-1.1424229,-1.2527447,0.60275483,-1.2770367,0.38484675,0.4471029,-1.0337392,0.4484309,-1.0681944,-1.1180227,-1.184426,0.3983086,-1.2008848,0.6160779,-1.1337516,-0.9444035
243,-1.2747213,-1.076952,0.5593652,-1.0716841,-0.9821938,0.5493387,-1.0404663,-1.1423085,-1.2524786,-0.67506975,-1.2767048,0.38502157,0.39772362,-1.0336944,0.44809055,-1.0681504,-1.118129,-1.1846524,0.39808372,-1.2010224,0.5717233,-1.1339008,-0.94436175
244,-1.2785455,-1.0784595,0.55398214,-1.0718274,-0.9821459,0.5491296,-1.0406009,-1.142168,-1.252693,-0.67509174,-1.2768857,0.43891025,0.44757357,-1.0339264,0.4480468,-1.0684265,-1.1182554,-1.1846926,0.3984071,-1.201097,0.5717675,-1.1336777,-0.9445131
245,-1.2834966,-1.0804906,0.54928374,-1.0716549,-0.9822062,0.54927754,-1.0404133,-1.1423006,-1.2527509,-1.335652,-1.2767487,0.38458553,0.39789078,-1.033971,0.44824934,-1.0681868,-1.1183727,-1.1845403,0.39807063,-1.2011081,0.5718752,-1.1336163,-0.944374
246,-1.289912,-1.0822058,0.5427536,-1.0716832,-0.9819036,0.54939705,-1.040675,-1.142314,-1.2525893,-1.3358296,-1.2766964,0.38475975,0.44745022,-1.0339371,0.44811124,-1.0685539,-1.1182798,-1.1845828,0.39797515,-1.2010291,0.3065838,-1.1337024,-0.94469017
247,-1.3016577,-1.0858352,0.53796864,-1.0716096,-0.9818866,0.54914427,-1.0407002,-1.1423279,-1.2527229,-1.3355691,-1.2769395,0.38475966,0.44747657,-1.0338105,0.4482163,-1.0682278,-1.1180654,-1.1846144,0.39800864,-1.2011861,0.30658323,-1.1337447,-0.9444693
248,-1.3082134,-1.0880659,0.5345065,-1.0718915,-0.9822006,0.54923487,-1.040582,-1.1425471,-1.2526292,-1.3357422,-1.2769996,0.38490215,0.39782733,-1.0338866,0.4481132,-1.0682521,-1.1180485,-1.1847038,0.44862932,-1.2010458,-1.3735703,-1.1338049,-0.9446923
249,-1.3166424,-1.0908781,0.53301615,-1.0719064,-0.98204756,0.5493559,-0.7027009,-1.142388,-1.2524878,-1.3355327,-1.2770082,0.3849864,0.3980113,-1.0337526,0.44845334,-1.068453,-1.1180735,-1.184287,0.39841437,-1.2009727,-1.3734947,-1.1337173,-0.94431496
250,-1.3252017,-1.0925512,0.5167499,-1.0717144,-0.98195153,-0.13530879,-0.7029266,-1.1424295,-1.2526835,-1.3359267,-1.277075,0.38492826,0.44720778,-1.0339068,0.44829252,-1.0682932,-1.1182545,-1.1845117,0.39800513,-1.200862,-1.3738434,-1.1338803,-0.9443051
251,-1.3295606,-1.0934985,0.5103485,-1.0717996,-0.9822535,-0.13522632,-1.040757,-1.1425426,-1.2527761,-1.3356476,-1.2771226,0.38466802,0.39797518,-1.0339321,0.44826376,-1.0682606,-1.1181476,-1.1845356,0.39837104,-1.2007803,-1.3734834,-1.1338046,-0.9445231
252,-1.34294,-1.0982876,0.50573695,-1.0717345,-0.98224056,-0.13552666,-1.0405525,-1.1421726,-1.2526579,-1.3356041,-1.2768422,0.3850206,0.39791623,-1.0338842,0.49608314,-1.068367,-1.1180226,-1.1843635,0.39813238,-1.2011263,-1.3735452,-1.1340137,-0.94445425
253,-1.3595854,-1.1015681,0.49774057,-1.0719076,-0.98191273,-0.13537829,-1.0407695,-1.1423169,-1.2526501,-1.3359199,-1.2767256,0.33056188,0.39759722,-1.0340353,0.44830266,-1.0684111,-1.118342,-1.1845826,0.39806938,-1.2009808,-1.3735034,-1.1336193,-0.94430107
254,-1.3646103,-1.1034739,0.4930668,-1.0716614,-0.9821678,-0.1354969,-1.0404443,-1.1423484,-1.2525973,-1.3359694,-1.2767322,0.3850221,0.4472156,-1.0339758,0.44825017,-1.0681759,-1.1180184,-1.1844893,0.39793545,-1.200887,-1.3736655,-1.1339,-0.9445652
255,-1.3698552,-1.1061425,0.49033728,-1.0716519,-0.9822126,-0.13532656,-1.0406655,-1.1423323,-1.2526261,-1.3358094,-1.2770495,0.38482314,0.39795303,-1.0340089,0.49589655,-1.0683995,-1.1180098,-1.184621,0.3979282,-1.2009755,-1.3738647,-1.1336154,-0.94439924
256,-1.3829256,-1.1082542,0.48646516,-1.07183,-0.9819284,-0.13530166,-1.0407937,-1.1423389,-1.2523727,-1.3357683,-1.2768453,0.3848257,0.397785,-1.0336564,0.49618846,-1.0684031,-1.1182942,-1.1843269,0.3982013,-1.2009538,-1.3736916,-1.1340377,-0.94443196
257,-1.3866968,-1.1093059,0.46604794,-1.071909,-0.98227817,-1.459383,-1.040421,-1.1423788,-1.2524298,-1.3358899,-1.2770816,0.3849034,0.39767703,-1.0339954,0.44804654,-1.0684652,-1.1182103,-1.1846993,0.39834234,-1.2009138,-1.373785,-1.1339464,-0.94454813
258,-1.4076445,-1.1120734,0.45606044,-1.0716496,-0.9820629,-1.4594055,-1.0406721,-1.1424685,-1.2523955,-1.3356309,-1.276779,0.38484907,0.39797524,-1.033942,0.448142,-1.0682697,-1.1183493,-1.184506,0.39791968,-1.2009407,-1.3735743,-1.134004,-0.9446836
259,-1.4166378,-1.1138377,0.45376498,-1.071889,-0.98202956,-1.4594469,-1.0406057,-1.1423753,-1.2526231,-1.3359094,-1.2770838,0.38456976,0.39775178,-1.0337391,0.44836208,-1.06825,-1.1182249,-1.1846482,0.39817455,-1.2010847,-1.3737683,-1.1338284,-0.94465166
260,-1.4258513,-1.1155618,0.44816205,-1.0716909,-0.98212963,-1.4592983,-1.0407279,-1.1423832,-1.2526658,-1.3357292,-1.2769881,0.33102238,0.39773008,-1.0337442,0.44849405,-1.0681531,-1.1180474,-1.184707,0.39826053,-1.2009121,-1.3734727,-1.1340213,-0.94438523
261,-1.4277896,-1.1176245,0.444974,-1.071828,-0.9821287,-1.4592628,-1.040476,-1.1422293,-1.2524649,-1.3358057,-1.2769748,0.38504997,0.39770523,-1.0337913,0.44828463,-1.068348,-1.1182189,-1.1843235,0.39831555,-1.2008982,-1.373718,-1.13402,-0.9446263
262,-1.4337839,-1.1188331,0.43825713,-1.0716443,-0.9821865,-1.459135,-1.040597,-1.142219,-1.252571,-1.335766,-1.2769583,0.38479364,0.3978513,-1.0340197,0.49605548,-1.0684602,-1.1180307,-1.1844325,0.3982623,-1.2008159,-1.3737867,-1.1338805,-0.9445029
263,-1.4509519,-1.122175,0.43248758,-1.0718437,-0.98196757,-1.4595222,-1.0408093,-1.1425737,-1.2527777,-1.3358097,-1.2769337,0.38497216,0.39759347,-1.0336416,0.40071708,-1.0684613,-1.1181165,-1.1844947,0.3981914,-1.2010788,-1.3737918,-1.1337817,-0.9443284
264,-1.4641981,-1.1227279,0.41628587,-1.0715438,-0.9821459,-1.4594945,-1.0406982,-1.1424491,-1.2525201,-1.3358768,-1.2767375,0.38493747,0.39775217,-1.0337873,0.40035808,-1.0684689,-1.1180851,-1.1846414,0.39812666,-1.200968,-1.3737605,-1.133898,-0.9444627
265,-1.4708767,-1.1231322,0.40003106,-1.0715301,-0.9819364,-1.45928,-1.0407245,-1.1424259,-1.2525796,-1.3359193,-1.2768015,0.3306914,0.39777565,-1.0338347,0.44834605,-1.0683088,-1.1180297,-1.1845506,0.39840993,-1.2011265,-1.3736179,-1.133869,-0.94446677
266,-1.4793336,-1.1238958,0.3905885,-1.0714962,-0.98197645,-1.4591794,-1.0406774,-1.142422,-1.2524579,-1.3356861,-1.2771082,0.33093342,0.39783716,-1.0338863,0.4484068,-1.0683569,-1.1180872,-1.18432,0.39815712,-1.2009823,-1.3736811,-1.1338528,-0.9445147
267,-1.4883267,-1.1269679,0.38419724,-1.071804,-0.9819644,-1.4592788,-1.0404757,-1.1424164,-1.2526925,-1.3358506,-1.2767148,0.38478917,0.397858,-1.033926,0.44808483,-1.0683532,-1.118123,-1.184679,0.3979254,-1.200896,-1.3737009,-1.1339351,-0.9445655
268,-1.5015109,-1.1294103,0.36314437,-1.0716838,-0.9819034,-1.4594086,-1.040628,-1.1421613,-1.2525913,-1.3359182,-1.2767045,0.33087885,0.3975921,-1.0336437,-0.17304718,-1.0684675,-1.1183511,-1.184624,0.3982799,-1.2007679,-1.3737202,-1.1339971,-0.94453365
269,-1.5067441,-1.1305795,0.35820836,-1.0716577,-0.9822856,-1.4592493,-1.0407902,-1.1425576,-1.2523873,-1.3358918,-1.276924,0.3309961,0.44724187,-1.0340074,-0.17266057,-1.0683876,-1.1182837,-1.1845708,0.3982559,-1.2011876,-1.3738842,-1.1338124,-0.944619
270,-1.5261939,-1.1343446,0.35676813,-1.0717778,-0.98203653,-1.4593939,-1.0407691,-1.1424353,-1.2525647,-1.3359361,-1.2769618,0.3845788,0.44728082,-1.0338321,-0.17288195,-1.0683169,-1.1182492,-1.1844188,0.39804342,-1.2010702,-1.3736664,-1.1337026,-0.9444645
271,-1.5355607,-1.1366456,0.35826832,-1.0718758,-0.9821091,-1.4593939,-1.0404769,-1.142273,-1.2523848,-1.3359582,-1.2767131,0.33108392,0.39791062,-1.033731,-0.17285155,-1.0684156,-1.1183732,-1.1846358,0.3980885,-1.2011856,-1.373713,-1.1337954,-0.9443522
272,-1.5419021,-1.1379759,0.35439476,-1.0715486,-0.9821739,-1.4594227,-1.040681,-1.1425265,-1.252406,-1.3356218,-1.2767994,0.33066723,0.39785343,-1.0340024,-1.6537992,-1.0683852,-1.1182868,-1.184538,0.39837018,-1.2009407,-1.373712,-1.1339294,-0.94451344
273,-1.5534998,-1.1397078,0.35606727,-1.0716368,-0.98201513,-1.4591202,-1.0407254,-1.1423212,-1.2527854,-1.3359134,-1.2769963,0.33089885,0.39798868,-1.0336685,-1.6539778,-1.068428,-1.1180536,-1.1845843,0.39796266,-1.2008297,-1.3738536,-1.1338072,-0.9443288
274,-1.5550439,-1.1417818,0.34777412,-1.0717053,-0.9820396,-1.4592203,-1.0405318,-1.142499,-1.2524741,-1.3358299,-1.2767575,0.3306812,0.39790064,-1.0336916,-1.6538306,-1.0682687,-1.1183382,-1.1845139,0.39808238,-1.2010902,-1.37383,-1.1336398,-0.94446206
275,-1.5624803,-1.1431484,0.3406971,-1.0718136,-0.9822188,-1.4594568,-1.0405087,-1.1422007,-1.2525849,-1.335729,-1.2769256,0.3308742,0.39769796,-1.0338051,-1.654069,-1.068302,-1.1181177,-1.1843648,0.39831236,-1.2010914,-1.3738041,-1.1337155,-0.94448525
276,-1.5659966,-1.1441634,0.34146112,-1.0718915,-0.98199195,-1.4593303,-1.0405773,-1.1423082,-1.2525523,-1.3355798,-1.2770591,0.38472912,0.39763176,-1.034012,-1.6539686,-1.0684087,-1.1181479,-1.1845021,0.39814895,-1.20094,-1.3738797,-1.1339029,-0.94444287
277,-1.5791652,-1.1454618,0.32517794,-1.0717999,-0.982263,-1.459428,-1.0406857,-1.1425188,-1.2525932,-1.3356411,-1.2769341,0.3306538,0.34811902,-1.0339102,-1.6540532,-1.0682786,-1.117992,-1.1843779,0.3981074,-1.2011244,-1.37381,-1.1338083,-0.9446073
278,-1.5854485,-1.1455622,0.32008034,-1.0718651,-0.9821039,-1.4594545,-1.0404474,-1.1423194,-1.252468,-1.3358988,-1.2769647,0.38480952,0.34841102,-1.0336784,-1.6537567,-1.0681914,-1.1183202,-1.1843164,0.24628228,-1.2010902,-1.3735398,-1.1340357,-0.94460744
279,-1.5892506,-1.1464828,0.3212795,-1.0716505,-0.981977,-1.4595335,-1.0407691,-1.1423213,-1.252362,-1.335671,-1.2770411,0.3847745,0.34819278,-1.033932,-1.65403,-1.0681604,-1.1181052,-1.184601,0.24624398,-1.2011143,-1.3737334,-1.1336505,-0.9446521
280,-1.5916333,-1.1484951,0.31377277,-1.0719103,-0.98205143,-1.4593407,-1.0406368,-1.1425197,-1.252712,-1.3355919,-1.2767544,0.38466817,-1.7808644,-1.0339311,-1.6541685,-1.0681543,-1.1182816,-1.1843531,0.24637777,-1.201163,-1.3736748,-1.1337975,-0.94462603
281,-1.6006508,-1.1520846,0.3208244,-1.0718484,-0.9818834,-1.4595072,-1.0405184,-1.1422668,-1.2527603,-1.335689,-1.2770613,0.38495812,-1.7809532,-1.0336843,-1.654179,-1.0682387,-1.1183171,-1.1846919,0.24634857,-1.2007726,-1.373807,-1.133851,-0.94456273
282,-1.6068081,-1.1532049,0.30835038,-1.0716795,-0.9821965,-1.4591768,-1.0404085,-1.1424389,-1.2524432,-1.3359052,-1.2770593,0.384803,-1.78101,-1.033866,-1.6541172,-1.0682118,-1.1180083,-1.1845977,0.24660595,-1.2010736,-1.3734899,-1.1339474,-0.94431514
283,-1.6134396,-1.15328,0.30716592,-1.0717989,-0.9819273,-1.4593242,-1.0404421,-1.1424221,-1.252392,-1.3359233,-1.276769,0.38488394,-1.7810456,-1.0336688,-1.6541725,-1.0683922,-1.118172,-1.1842843,-1.8266852,-1.2008781,-1.3735266,-1.1340194,-0.9446601
284,-1.6154222,-1.1535387,0.3031124,-1.0718493,-0.98216057,-1.4593087,-1.04076,-1.1423627,-1.2524824,-1.3358839,-1.276839,0.33083504,-1.7812316,-1.0337561,-1.6538292,-1.0682292,-1.1182182,-1.1843424,-1.8267777,-1.2009448,-1.3736136,-1.1339746,-0.9446495
285,-1.6297162,-1.1537249,0.30134735,-1.0718528,-0.98192173,-1.4591975,-1.0407357,-1.1424214,-1.2526637,-1.3359085,-1.2770553,0.33077836,-1.7810485,-1.0336992,-1.6541212,-1.0681851,-1.1183263,-1.1846004,-1.8267266,-1.2009021,-1.3735996,-1.1336205,-0.94469637
286,-1.6329308,-1.1540148,0.30136636,-1.0718085,-0.98217165,-1.4590925,-1.0404547,-1.1423177,-1.2525296,-1.3356256,-1.2768989,0.33086255,-1.7811127,-1.0340106,-1.653857,-1.06844,-1.1180277,-1.1843098,-1.8266457,-1.201073,-1.3735876,-1.133924,-0.9446179
287,-1.6328775,-1.1539203,0.28579578,-1.0718088,-0.9821545,-1.459099,-1.0408046,-1.1425718,-1.2525121,-1.33586,-1.2769736,0.38458908,-1.7810616,-1.0337727,-1.6539674,-1.0685414,-1.1181482,-1.1844511,-1.8267083,-1.2007923,-1.3738065,-1.1338876,-0.9445819
288,-1.6426629,-1.1542197,0.28204668,-1.0715986,-0.98201907,-1.4591113,-1.040678,-1.14251,-1.2523595,-1.3355991,-1.2767136,0.33095026,-1.7810868,-1.0336356,-1.6538426,-1.0682783,-1.1180961,-1.1843224,-1.8266832,-1.2008919,-1.3738389,-1.1337543,-0.9444332
289,-1.6498876,-1.1562293,0.2799774,-1.0718433,-0.9819715,-1.4591327,-1.0405862,-1.1425766,-1.2525212,-1.3359369,-1.2771221,-0.04718512,-1.781298,-1.0338275,-1.6539955,-1.0684699,-1.1182877,-1.1844808,-1.8266293,-1.2008191,-1.3738153,-1.1338469,-0.9443927
290,-1.6733227,-1.1582265,0.27110627,-1.0716801,-0.9822607,-1.4594955,-1.0404358,-1.1425073,-1.2527552,-1.3357203,-1.2771019,-0.047056682,-1.7809252,-1.0337764,-1.6542242,-1.0683442,-1.1181113,-1.1843415,-1.8266149,-1.2009273,-1.3736387,-1.1340027,-0.9444614
291,-1.6733928,-1.1582108,0.2787823,-1.071693,-0.982211,-1.4592212,-1.0405053,-1.1423196,-1.2524561,-1.3355726,-1.2768518,-0.046844322,-1.7812017,-1.0337158,-1.6539102,-1.0683602,-1.1182885,-1.1847064,-1.8267726,-1.2011304,-1.3735653,-1.1336411,-0.9445197
292,-1.6770016,-1.1603949,0.2768096,-1.0718569,-0.9820159,-1.4591566,-1.0405457,-1.1422251,-1.2526659,-1.3359249,-1.2768283,-0.046836887,-1.7812246,-1.0336524,-1.6538001,-1.0683972,-1.1183072,-1.1843036,-1.8269442,-1.2011611,-1.373882,-1.1338907,-0.94443727
293,-1.6898583,-1.1605475,0.26010668,-1.071551,-0.98228097,-1.4594091,-1.0404245,-1.1424978,-1.2524848,-1.3358212,-1.2768881,-0.04714915,-1.780834,-1.0338618,-1.654001,-1.0685604,-1.1180655,-1.18453,-1.827033,-1.2009269,-1.373766,-1.1336932,-0.9446132
294,-1.7152282,-1.162062,0.26051253,-1.0718614,-0.98206574,-1.4592748,-1.0404443,-1.1423903,-1.2527169,-1.335926,-1.2768894,-2.0436816,-1.7809947,-1.0337883,-1.6540968,-1.0681709,-1.1180105,-1.1846569,-1.8269871,-1.2010885,-1.3737266,-1.1338333,-0.94434816
295,-1.7317284,-1.162792,0.25483182,-1.0716432,-0.98198766,-1.4595085,-1.0406702,-1.1423371,-1.2527446,-1.3357807,-1.2768089,-2.043818,-1.7812957,-1.0337236,-1.6539108,-1.0684444,-1.1179755,-1.1846131,-1.8266989,-1.2009832,-1.3737118,-1.1338989,-0.9445133
296,-1.7380996,-1.1645634,0.2517965,-1.071732,-0.98190975,-1.459405,-1.0405579,-1.1422048,-1.2527497,-1.3358374,-1.2770098,-2.0439236,-1.7811245,-1.0337292,-1.653935,-1.0685431,-1.1180751,-1.1844244,-1.8266547,-1.2010636,-1.373573,-1.1337367,-0.94429034
297,-1.7603207,-1.1647084,0.15252697,-1.0719132,-0.98225033,-1.4593112,-1.0405616,-1.142358,-1.2525,-1.3355427,-1.276928,-2.0438442,-1.7812216,-1.0338826,-1.6541284,-1.0682789,-1.1183892,-1.1843129,-1.8266025,-1.2010772,-1.3735751,-1.1336827,-0.94444895
298,-1.7601618,-1.16501,0.09130582,-1.0718384,-0.9818874,-1.4594948,-1.0404203,-1.1425385,-1.2525285,-1.3358159,-1.2769299,-2.043713,-1.7810096,-1.033997,-1.6537931,-1.0685422,-1.1180054,-1.184311,-1.8268058,-1.2008348,-1.373573,-1.1336759,-0.9445042
299,-1.7677116,-1.165795,-0.26680845,-1.0715854,-0.9822328,-1.4592693,-1.0407768,-1.1423756,-1.2526256,-1.3359516,-1.2769402,-2.0437543,-1.781063,-1.0337602,-1.654196,-1.0685335,-1.1181148,-1.1845881,-1.8270046,-1.200859,-1.3739065,-1.1339376,-0.9444631
300,-1.7682261,-1.1664664,-0.48555776,-1.0717258,-0.98214155,-1.4594946,-1.040396,-1.142318,-1.2526432,-1.3358742,-1.2770833,-2.0441,-1.7810395,-1.033871,-1.6537809,-1.068165,-1.1182607,-1.1843674,-1.8270319,-1.2010096,-1.3738717,-1.1336794,-0.94434685
